State,Year,Salary,CPI,Salary Adj,Salary Adj Pct
Alabama,2002,37194,178.1666667,54933.81573,0
Alabama,2003,38246,182.0916667,55269.97705,0.006119388
Alabama,2004,38325,186.1083333,54188.81802,-0.013561732
Alabama,2005,38186,191.7,52417.38968,-0.045808324
Alabama,2006,40347,198.9416667,53367.74233,-0.028508367
Alabama,2007,43389,204.112,55937.67833,0.018274037
Alabama,2008,46604,211.684,57933.33031,0.054602334
Alabama,2009,46879,214.6485833,57470.32418,0.046173899
Alabama,2010,47571,216.7613333,57750.24109,0.051269429
Alabama,2011,47803,221.0613333,56903.07056,0.035847771
Alabama,2012,48003,227.5535,55510.89055,0.010504911
Alabama,2013,47949,231.3886667,54529.4108,-0.007361676
Alabama,2014,48720,234.989,54557.3266,-0.006853504
Alabama,2015,48611,236.6704167,54048.53346,-0.016115434
Alabama,2016,48518,238.2429167,53589.07088,-0.024479364
Alabama,2017,50391,242.6751667,54641.2939,-0.005324987
Alabama,2018,50568,248.1315,53627.45793,-0.023780576
Alabama,2019,52009,253.2578333,54039.20495,-0.016285247
Alabama,2020,54095,257.27275,55329.49048,0.007202754
Alabama,2021,54271,263.1439167,54271,-0.012065714
Alaska,2002,49418,178.1666667,72988.0977,0
Alaska,2003,49685,182.0916667,71800.68006,-0.016268648
Alaska,2004,51736,186.1083333,73151.01602,0.002232122
Alaska,2005,52424,191.7,71961.69373,-0.014062621
Alaska,2006,53553,198.9416667,70835.56907,-0.029491502
Alaska,2007,54658,204.112,70465.82365,-0.034557334
Alaska,2008,56758,211.684,70555.74546,-0.033325327
Alaska,2009,58395,214.6485833,71588.1222,-0.019180874
Alaska,2010,59672,216.7613333,72440.6127,-0.007501018
Alaska,2011,62918,221.0613333,74895.45412,0.026132431
Alaska,2012,62425,227.5535,72188.55785,-0.010954387
Alaska,2013,65468,231.3886667,74452.67819,0.020066018
Alaska,2014,65891,234.989,73785.64875,0.010927138
Alaska,2015,66755,236.6704167,74222.08658,0.016906714
Alaska,2016,67443,238.2429167,74492.1,0.020606131
Alaska,2017,68138,242.6751667,73885.18751,0.012290905
Alaska,2018,69682,248.1315,73897.89044,0.012464947
Alaska,2019,70277,253.2578333,73020.30815,4.41E-04
Alaska,2020,72010,257.27275,73653.32488,0.009114187
Alaska,2021,72861,263.1439167,72861,-0.001741348
Arizona,2002,39973,178.1666667,59038.27005,0
Arizona,2003,40894,182.0916667,59096.6491,9.89E-04
Arizona,2004,41843,186.1083333,59163.01924,0.002113022
Arizona,2005,42905,191.7,58895.09517,-0.00242512
Arizona,2006,44672,198.9416667,59088.50188,8.51E-04
Arizona,2007,45941,204.112,59227.75082,0.003209457
Arizona,2008,45772,211.684,56899.07293,-0.036234075
Arizona,2009,46358,214.6485833,56831.61519,-0.037376686
Arizona,2010,46952,216.7613333,56998.78749,-0.034545094
Arizona,2011,47553,221.0613333,56605.47903,-0.041207017
Arizona,2012,48691,227.5535,56306.49692,-0.046271226
Arizona,2013,49885,231.3886667,56731.10301,-0.039079178
Arizona,2014,45335,234.989,50766.75701,-0.140104258
Arizona,2015,45406,236.6704167,50485.02829,-0.144876226
Arizona,2016,47218,238.2429167,52153.1957,-0.11662053
Arizona,2017,47403,242.6751667,51401.26719,-0.12935682
Arizona,2018,48723,248.1315,51670.83201,-0.124790886
Arizona,2019,50353,253.2578333,52318.56192,-0.11381953
Arizona,2020,50782,257.27275,51940.88521,-0.12021668
Arizona,2021,52157,263.1439167,52157,-0.116556092
Arkansas,2002,36962,178.1666667,54591.16248,0
Arkansas,2003,37753,182.0916667,54557.53395,-6.16E-04
Arkansas,2004,39314,186.1083333,55587.19352,0.01824528
Arkansas,2005,40495,191.7,55586.92178,0.018240302
Arkansas,2006,42768,198.9416667,56570.04496,0.036249136
Arkansas,2007,44245,204.112,57041.24497,0.04488057
Arkansas,2008,45773,211.684,56900.31603,0.042299036
Arkansas,2009,47472,214.6485833,58197.30006,0.066057168
Arkansas,2010,46700,216.7613333,56692.86454,0.038498943
Arkansas,2011,46500,221.0613333,55352.02353,0.01393744
Arkansas,2012,46314,227.5535,53557.72316,-0.018930524
Arkansas,2013,46631,231.3886667,53030.53151,-0.028587612
Arkansas,2014,47319,234.989,52988.46751,-0.02935814
Arkansas,2015,47823,236.6704167,53172.38928,-0.025989064
Arkansas,2016,48218,238.2429167,53257.71507,-0.024426067
Arkansas,2017,48304,242.6751667,52378.2632,-0.040535852
Arkansas,2018,50544,248.1315,53602.00589,-0.018119354
Arkansas,2019,49438,253.2578333,51367.84431,-0.059044688
Arkansas,2020,50456,257.27275,51607.44564,-0.054655675
Arkansas,2021,50992,263.1439167,50992,-0.065929398
California,2002,54348,178.1666667,80269.47942,0
California,2003,56283,182.0916667,81335.56759,0.013281364
California,2004,56444,186.1083333,79807.79241,-0.005751713
California,2005,57876,191.7,79445.5781,-0.010264192
California,2006,59825,198.9416667,79131.66245,-0.014174964
California,2007,63640,204.112,82045.53802,0.022126201
California,2008,64424,211.684,80085.33327,-0.002294099
California,2009,68093,214.6485833,83477.18135,0.039961664
California,2010,68203,216.7613333,82797.07581,0.031488885
California,2011,67871,221.0613333,80791.3374,0.006501325
California,2012,68531,227.5535,79249.5644,-0.012706137
California,2013,69324,231.3886667,78837.86679,-0.017835081
California,2014,71396,234.989,79950.22352,-0.003977301
California,2015,72535,236.6704167,80648.62632,0.004723425
California,2016,77179,238.2429167,85245.7006,0.061993939
California,2017,79128,242.6751667,85802.15324,0.068926245
California,2018,80680,248.1315,85561.28987,0.065925561
California,2019,83059,253.2578333,86301.26179,0.075144157
California,2020,84531,257.27275,86460.06396,0.07712252
California,2021,85892,263.1439167,85892,0.070045559
Colorado,2002,40659,178.1666667,60051.46029,0
Colorado,2003,41274.69994,182.0916667,59646.80537,-0.006738469
Colorado,2004,43319,186.1083333,61249.97802,0.019958178
Colorado,2005,43949,191.7,60328.17941,0.004608033
Colorado,2006,44439,198.9416667,58780.30836,-0.021167711
Colorado,2007,45833,204.112,59088.51578,-0.016035322
Colorado,2008,47248,211.684,58733.88529,-0.021940765
Colorado,2009,48487,214.6485833,59441.61797,-0.010155329
Colorado,2010,49202,216.7613333,59730.24242,-0.005349043
Colorado,2011,49228,221.0613333,58599.34225,-0.024181228
Colorado,2012,49049,227.5535,56720.48977,-0.055468601
Colorado,2013,49844,231.3886667,56684.47626,-0.056068312
Colorado,2014,49615,234.989,55559.55992,-0.074800852
Colorado,2015,49828,236.6704167,55401.66475,-0.077430183
Colorado,2016,46155,238.2429167,50979.09161,-0.151076571
Colorado,2017,51808,242.6751667,56177.8126,-0.06450547
Colorado,2018,52701,248.1315,55889.50839,-0.069306423
Colorado,2019,54935,253.2578333,57079.42326,-0.049491503
Colorado,2020,57706,257.27275,59022.89634,-0.017128042
Colorado,2021,60611,263.1439167,60611,0.00931767
Connecticut,2002,53551,178.1666667,79092.34732,0
Connecticut,2003,54362,182.0916667,78559.49621,-0.006737075
Connecticut,2004,57337,186.1083333,81070.43075,0.025009795
Connecticut,2005,57737,191.7,79254.77473,0.002053643
Connecticut,2006,59304,198.9416667,78442.52587,-0.008215984
Connecticut,2007,60822,204.112,78412.53478,-0.008595175
Connecticut,2008,61976,211.684,77042.22983,-0.025920554
Connecticut,2009,63152,214.6485833,77419.86631,-0.021145927
Connecticut,2010,64350,216.7613333,78119.61099,-0.012298741
Connecticut,2011,69165,221.0613333,82331.67113,0.040956223
Connecticut,2012,69465,227.5535,80329.64631,0.015643726
Connecticut,2013,69397,231.3886667,78920.88514,-0.002167873
Connecticut,2014,70583,234.989,79039.81493,-6.64E-04
Connecticut,2015,71709,236.6704167,79730.23154,0.008065056
Connecticut,2016,72013,238.2429167,79539.75353,0.005656757
Connecticut,2017,73147,242.6751667,79316.67808,0.002836314
Connecticut,2018,74517,248.1315,79025.41692,-8.46E-04
Connecticut,2019,76465,253.2578333,79449.86073,0.004520202
Connecticut,2020,78427,257.27275,80216.76587,0.014216528
Connecticut,2021,79742,263.1439167,79742,0.00821385
Delaware,2002,48363,178.1666667,71429.91155,0
Delaware,2003,50772,182.0916667,73371.52315,0.027182052
Delaware,2004,49366,186.1083333,69800.00496,-0.022818264
Delaware,2005,50595,191.7,69451.05093,-0.027703529
Delaware,2006,54264,198.9416667,71776.02225,0.004845459
Delaware,2007,54680,204.112,70494.18635,-0.013099907
Delaware,2008,55994,211.684,69606.01873,-0.02553402
Delaware,2009,56667,214.6485833,69469.71694,-0.02744221
Delaware,2010,57080,216.7613333,69293.97662,-0.029902528
Delaware,2011,57934,221.0613333,68962.66949,-0.034540741
Delaware,2012,58800,227.5535,67996.59113,-0.048065584
Delaware,2013,59679,231.3886667,67869.20911,-0.049848899
Delaware,2014,59305,234.989,66410.55529,-0.070269669
Delaware,2015,59195,236.6704167,65816.43945,-0.078587135
Delaware,2016,59960,238.2429167,66226.98154,-0.072839654
Delaware,2017,60214,242.6751667,65292.82751,-0.085917565
Delaware,2018,61795,248.1315,65533.71229,-0.082545241
Delaware,2019,63662,253.2578333,66147.08735,-0.073958151
Delaware,2020,64853,257.27275,66332.99651,-0.071355472
Delaware,2021,65798,263.1439167,65798,-0.078845282
District of Columbia,2002,47049,178.1666667,69489.1944,0
District of Columbia,2003,50763,182.0916667,73358.51709,0.055682365
District of Columbia,2004,57009,186.1083333,80606.66213,0.159988439
District of Columbia,2005,58456,191.7,80241.73601,0.154736887
District of Columbia,2006,59000,198.9416667,78040.4193,0.12305834
District of Columbia,2007,59000,204.112,76063.58805,0.094610302
District of Columbia,2008,60628,211.684,75366.53398,0.084579187
District of Columbia,2009,62557,214.6485833,76690.43857,0.103631136
District of Columbia,2010,64548,216.7613333,78359.97902,0.127657036
District of Columbia,2011,66601,221.0613333,79279.57246,0.140890654
District of Columbia,2012,68720,227.5535,79468.12487,0.14360406
District of Columbia,2013,70906,231.3886667,80636.97684,0.16042469
District of Columbia,2014,73162,234.989,81927.81463,0.179000783
District of Columbia,2015,75490,236.6704167,83934.16697,0.207873651
District of Columbia,2016,75810,238.2429167,83733.61358,0.204987542
District of Columbia,2017,75692,242.6751667,82076.33939,0.181138163
District of Columbia,2018,76486,248.1315,81113.54508,0.167282853
District of Columbia,2019,78477,253.2578333,81540.40045,0.173425612
District of Columbia,2020,79350,257.27275,81160.82946,0.167963309
District of Columbia,2021,80659,263.1439167,80659,0.160741619
Florida,2002,39275,178.1666667,58007.35637,0
Florida,2003,39465,182.0916667,57031.5757,-0.016821671
Florida,2004,40604,186.1083333,57411.16156,-0.010277917
Florida,2005,41590,191.7,57090.01301,-0.015814259
Florida,2006,43302,198.9416667,57276.37689,-0.012601496
Florida,2007,45308,204.112,58411.67877,0.006970192
Florida,2008,46930,211.684,58338.58019,0.005710031
Florida,2009,46921,214.6485833,57521.8132,-0.008370372
Florida,2010,46708,216.7613333,56702.57638,-0.022493354
Florida,2011,45732,221.0613333,54437.82237,-0.061535885
Florida,2012,46479,227.5535,53748.52992,-0.07341873
Florida,2013,46598,231.3886667,52993.00266,-0.08644341
Florida,2014,47780,234.989,53504.70166,-0.077622133
Florida,2015,48992,236.6704167,54472.15139,-0.06094408
Florida,2016,49199,238.2429167,54341.24858,-0.063200739
Florida,2017,47267,242.6751667,51253.79609,-0.116425928
Florida,2018,48168,248.1315,51082.25347,-0.119383184
Florida,2019,48314,253.2578333,50199.96824,-0.134593069
Florida,2020,49102,257.27275,50222.54629,-0.134203842
Florida,2021,49583,263.1439167,49583,-0.145229104
Georgia,2002,44073,178.1666667,65093.7802,0
Georgia,2003,45533,182.0916667,65800.55077,0.010857728
Georgia,2004,45988,186.1083333,65023.75376,-0.001075778
Georgia,2005,46526,191.7,63865.59138,-0.01886799
Georgia,2006,48300,198.9416667,63887.32631,-0.018534089
Georgia,2007,49905,204.112,64338.19257,-0.011607678
Georgia,2008,51560,211.684,64094.12305,-0.015357184
Georgia,2009,52879,214.6485833,64825.898,-0.004115327
Georgia,2010,53112,216.7613333,64476.9041,-0.009476729
Georgia,2011,52815,221.0613333,62869.18544,-0.034175228
Georgia,2012,52938,227.5535,61217.7473,-0.059545365
Georgia,2013,52880,231.3886667,60137.12994,-0.076146296
Georgia,2014,52924,234.989,59265.02366,-0.089543986
Georgia,2015,53382,236.6704167,59353.20839,-0.088189252
Georgia,2016,54190,238.2429167,59853.90476,-0.080497329
Georgia,2017,55532,242.6751667,60215.91818,-0.074935916
Georgia,2018,56329,248.1315,59737.00913,-0.082293132
Georgia,2019,57095,253.2578333,59323.74025,-0.088641955
Georgia,2020,60578,257.27275,61960.43764,-0.048135821
Georgia,2021,60553,263.1439167,60553,-0.069757513
Hawaii,2002,42615,178.1666667,62940.38171,0
Hawaii,2003,44464,182.0916667,64255.7198,0.020898159
Hawaii,2004,45479,186.1083333,64304.06405,0.021666255
Hawaii,2005,46149,191.7,63348.08873,0.00647767
Hawaii,2006,49292,198.9416667,65199.46353,0.035892407
Hawaii,2007,51922,204.112,66938.53591,0.063522878
Hawaii,2008,53400,211.684,66381.42302,0.05467144
Hawaii,2009,55733,214.6485833,68324.69928,0.085546313
Hawaii,2010,55063,216.7613333,66845.37902,0.062042797
Hawaii,2011,55063,221.0613333,65545.12843,0.041384349
Hawaii,2012,54070,227.5535,62526.79732,-0.00657105
Hawaii,2013,54300,231.3886667,61752.00748,-0.01888095
Hawaii,2014,56291,234.989,63035.43661,0.001510237
Hawaii,2015,57189,236.6704167,63586.05212,0.010258444
Hawaii,2016,57431,238.2429167,63433.65205,0.007837104
Hawaii,2017,56651,242.6751667,61429.30168,-0.024008117
Hawaii,2018,57866,248.1315,61367.00049,-0.024997961
Hawaii,2019,63201,253.2578333,65668.09191,0.043337999
Hawaii,2020,65409,257.27275,66901.68487,0.062937387
Hawaii,2021,70922,263.1439167,70922,0.126812359
Idaho,2002,39591,178.1666667,58474.07374,0
Idaho,2003,40148,182.0916667,58018.59118,-0.007789479
Idaho,2004,41080,186.1083333,58084.19163,-0.006667606
Idaho,2005,42122,191.7,57820.28199,-0.011180883
Idaho,2006,41150,198.9416667,54429.88567,-0.069162072
Idaho,2007,42798,204.112,55175.75324,-0.056406545
Idaho,2008,44099,211.684,54819.37029,-0.062501263
Idaho,2009,45178,214.6485833,55385.019,-0.052827767
Idaho,2010,46283,216.7613333,56186.63489,-0.039118856
Idaho,2011,47416,221.0613333,56442.39888,-0.034744883
Idaho,2012,48551,227.5535,56144.60027,-0.039837715
Idaho,2013,49734,231.3886667,56559.38011,-0.032744317
Idaho,2014,44465,234.989,49792.51903,-0.148468443
Idaho,2015,45218,236.6704167,50275.99897,-0.140200165
Idaho,2016,46122,238.2429167,50942.64247,-0.128799497
Idaho,2017,47504,242.6751667,51510.78616,-0.119083333
Idaho,2018,49225,248.1315,52203.20394,-0.107241883
Idaho,2019,50757,253.2578333,52738.33233,-0.098090334
Idaho,2020,52875,257.27275,54081.64912,-0.075117472
Idaho,2021,51817,263.1439167,51817,-0.113846587
Illinois,2002,49435,178.1666667,73013.20591,0
Illinois,2003,51289,182.0916667,74118.64908,0.015140318
Illinois,2004,54230,186.1083333,76677.35423,0.050184734
Illinois,2005,55421,191.7,76075.63383,0.04194348
Illinois,2006,58686,198.9416667,77625.08555,0.063165007
Illinois,2007,58246,204.112,75091.52118,0.028464923
Illinois,2008,60474,211.684,75175.09692,0.029609589
Illinois,2009,61344,214.6485833,75203.38673,0.02999705
Illinois,2010,62077,216.7613333,75360.23452,0.032145262
Illinois,2011,64509,221.0613333,76789.32658,0.051718324
Illinois,2012,57636,227.5535,66650.53616,-0.087144095
Illinois,2013,59113,231.3886667,67225.53256,-0.079268857
Illinois,2014,60124,234.989,67327.68277,-0.077869792
Illinois,2015,61083,236.6704167,67915.62751,-0.069817211
Illinois,2016,61342,238.2429167,67753.42731,-0.07203873
Illinois,2017,64933,242.6751667,70409.85765,-0.035655855
Illinois,2018,65721,248.1315,69697.24258,-0.045415939
Illinois,2019,67049,253.2578333,69666.30108,-0.045839719
Illinois,2020,68083,257.27275,69636.70765,-0.046245035
Illinois,2021,69300,263.1439167,69300,-0.050856634
Indiana,2002,44195,178.1666667,65273.96855,0
Indiana,2003,45097,182.0916667,65170.47939,-0.001585458
Indiana,2004,45791,186.1083333,64745.2098,-0.008100607
Indiana,2005,46583,191.7,63943.83448,-0.020377711
Indiana,2006,47255,198.9416667,62505.08499,-0.042419415
Indiana,2007,47831,204.112,61664.36407,-0.055299296
Indiana,2008,48508,211.684,60300.18853,-0.076198523
Indiana,2009,49569,214.6485833,60768.07311,-0.069030512
Indiana,2010,49986,216.7613333,60682.00272,-0.070349114
Indiana,2011,50801,221.0613333,60471.78812,-0.07356961
Indiana,2012,50516,227.5535,58416.93533,-0.105050043
Indiana,2013,50065,231.3886667,56935.80579,-0.127741011
Indiana,2014,50289,234.989,56314.31439,-0.137262286
Indiana,2015,50877,236.6704167,56568.00388,-0.133375752
Indiana,2016,50715,238.2429167,56015.69994,-0.141837073
Indiana,2017,54308,242.6751667,58888.67832,-0.09782292
Indiana,2018,50614,248.1315,53676.24102,-0.177677684
Indiana,2019,51119,253.2578333,53114.46323,-0.186284143
Indiana,2020,51745,257.27275,52925.86163,-0.189173528
Indiana,2021,52194,263.1439167,52194,-0.20038568
Iowa,2002,38230,178.1666667,56463.93976,0
Iowa,2003,38921,182.0916667,56245.43159,-0.003869871
Iowa,2004,39432,186.1083333,55754.0371,-0.012572673
Iowa,2005,39284,191.7,53924.59897,-0.044972788
Iowa,2006,41083,198.9416667,54341.26349,-0.037593485
Iowa,2007,43130,204.112,55603.77208,-0.01523393
Iowa,2008,46664,211.684,58007.91617,0.027344468
Iowa,2009,48638,214.6485833,59626.73324,0.056014396
Iowa,2010,49626,216.7613333,60244.96993,0.066963626
Iowa,2011,49844,221.0613333,59332.60776,0.050805311
Iowa,2012,50240,227.5535,58097.76766,0.028935776
Iowa,2013,50946,231.3886667,57937.71221,0.026101127
Iowa,2014,52032,234.989,58266.14979,0.031917894
Iowa,2015,53408,236.6704167,59382.1167,0.051682135
Iowa,2016,54416,238.2429167,60103.52614,0.064458598
Iowa,2017,55647,242.6751667,60340.618,0.068657594
Iowa,2018,57018,248.1315,60467.69491,0.070908179
Iowa,2019,57489,253.2578333,59733.1203,0.057898555
Iowa,2020,58184,257.27275,59511.80468,0.053978963
Iowa,2021,58911,263.1439167,58911,0.043338461
Kansas,2002,37093,178.1666667,54784.64341,0
Kansas,2003,38123,182.0916667,55092.22755,0.005614423
Kansas,2004,38623,186.1083333,54610.16877,-0.003184736
Kansas,2005,39345,191.7,54008.33282,-0.014170223
Kansas,2006,41467,198.9416667,54849.18758,0.001178143
Kansas,2007,43334,204.112,55866.7716,0.0197524
Kansas,2008,45136,211.684,56108.46272,0.024164058
Kansas,2009,46401,214.6485833,56884.33013,0.038326191
Kansas,2010,46657,216.7613333,56640.6634,0.033878472
Kansas,2011,46598,221.0613333,55468.67941,0.012485908
Kansas,2012,46718,227.5535,54024.91062,-0.013867623
Kansas,2013,47464,231.3886667,53977.85052,-0.014726625
Kansas,2014,48221,234.989,53998.53953,-0.014348982
Kansas,2015,48990,236.6704167,54469.92767,-0.005744598
Kansas,2016,47755,238.2429167,52746.3226,-0.037206061
Kansas,2017,49422,242.6751667,53590.56235,-0.021795908
Kansas,2018,49754,248.1315,52764.20942,-0.036879568
Kansas,2019,51082,253.2578333,53076.01891,-0.031188019
Kansas,2020,51320,257.27275,52491.1628,-0.041863567
Kansas,2021,53932,263.1439167,53932,-0.015563548
Kentucky,2002,37951,178.1666667,56051.86968,0
Kentucky,2003,38981,182.0916667,56332.13866,0.005000172
Kentucky,2004,40240,186.1083333,56896.49151,0.015068575
Kentucky,2005,40522,191.7,55623.9843,-0.00763374
Kentucky,2006,42592,198.9416667,56337.24642,0.005091297
Kentucky,2007,43646,204.112,56269.00617,0.003873849
Kentucky,2008,47207,211.684,58682.91828,0.046939533
Kentucky,2009,47875,214.6485833,58691.34944,0.04708995
Kentucky,2010,49543,216.7613333,60144.20959,0.073009873
Kentucky,2011,48908,221.0613333,58218.4251,0.038652688
Kentucky,2012,49730,227.5535,57508.00131,0.025978288
Kentucky,2013,50203,231.3886667,57092.7446,0.018569852
Kentucky,2014,50560,234.989,56617.78392,0.01009626
Kentucky,2015,51155,236.6704167,56877.10043,0.014722627
Kentucky,2016,52134,238.2429167,57583.01293,0.027316542
Kentucky,2017,52338,242.6751667,56752.51613,0.012499966
Kentucky,2018,52952,248.1315,56155.69436,0.001852296
Kentucky,2019,53434,253.2578333,55519.83075,-0.009491903
Kentucky,2020,53907,257.27275,55137.20017,-0.016318269
Kentucky,2021,54384,263.1439167,54384,-0.029755826
Louisiana,2002,36328,178.1666667,53654.77383,0
Louisiana,2003,36878.11554,182.0916667,53293.2228,-0.006738469
Louisiana,2004,37918,186.1083333,53613.34903,-7.72E-04
Louisiana,2005,39022,191.7,53564.95522,-0.00167401
Louisiana,2006,40029,198.9416667,52947.1177,-0.013189062
Louisiana,2007,42816,204.112,55198.95908,0.028780016
Louisiana,2008,46964,211.684,58380.84552,0.088082967
Louisiana,2009,48627,214.6485833,59613.24802,0.111052079
Louisiana,2010,48903,216.7613333,59367.26241,0.10646748
Louisiana,2011,49006,221.0613333,58335.08097,0.087230023
Louisiana,2012,50179,227.5535,58027.22698,0.081492341
Louisiana,2013,51381,231.3886667,58432.41061,0.08904402
Louisiana,2014,49067,234.989,54945.90197,0.024063621
Louisiana,2015,47886,236.6704167,53242.43634,-0.00768501
Louisiana,2016,49745,238.2429167,54944.31615,0.024034065
Louisiana,2017,50000,242.6751667,54217.3145,0.010484448
Louisiana,2018,50359,248.1315,53405.81304,-0.004640049
Louisiana,2019,50288,253.2578333,52251.02461,-0.026162616
Louisiana,2020,51566,257.27275,52742.77671,-0.016997502
Louisiana,2021,51851,263.1439167,51851,-0.033618142
Maine,2002,37300,178.1666667,55090.37283,0
Maine,2003,38121,182.0916667,55089.33731,-1.88E-05
Maine,2004,39864,186.1083333,56364.85431,0.023134377
Maine,2005,39610,191.7,54372.09462,-0.01303818
Maine,2006,40737,198.9416667,53883.60273,-0.021905281
Maine,2007,41596,204.112,53626.11879,-0.026579127
Maine,2008,43397,211.684,53946.71563,-0.020759656
Maine,2009,44731,214.6485833,54837.02875,-0.0045987
Maine,2010,46106,216.7613333,55971.76044,0.015998941
Maine,2011,47182,221.0613333,56163.85321,0.019485807
Maine,2012,47338,227.5535,54741.88148,-0.006325812
Maine,2013,48430,231.3886667,55076.42214,-2.53E-04
Maine,2014,49232,234.989,55130.67125,7.31E-04
Maine,2015,50017,236.6704167,55611.80593,0.009465049
Maine,2016,50498,238.2429167,55776.01924,0.012445848
Maine,2017,51077,242.6751667,55385.15546,0.005350892
Maine,2018,53815,248.1315,57070.90746,0.035950649
Maine,2019,54025,253.2578333,56133.90082,0.018942112
Maine,2020,55276,257.27275,56537.44183,0.026267185
Maine,2021,57052,263.1439167,57052,0.03560744
Maryland,2002,48251,178.1666667,71264.49274,0
Maryland,2003,49677,182.0916667,71789.11912,0.00736168
Maryland,2004,50261,186.1083333,71065.47116,-0.002792717
Maryland,2005,52331,191.7,71834.03392,0.007991935
Maryland,2006,54333,198.9416667,71867.28986,0.00845859
Maryland,2007,56927,204.112,73391.04876,0.029840331
Maryland,2008,60069,211.684,74671.64231,0.047809918
Maryland,2009,62849,214.6485833,77048.40983,0.081161275
Maryland,2010,63971,216.7613333,77659.51258,0.089736411
Maryland,2011,63960,221.0613333,76135.8156,0.06835554
Maryland,2012,63634,227.5535,73586.65102,0.032585067
Maryland,2013,64248,231.3886667,73065.24819,0.025268621
Maryland,2014,64546,234.989,72279.49923,0.014242808
Maryland,2015,65477,236.6704167,72801.13195,0.02156248
Maryland,2016,66456,238.2429167,73401.93938,0.02999315
Maryland,2017,68357,242.6751667,74122.65935,0.040106461
Maryland,2018,69627,248.1315,73839.56284,0.036133985
Maryland,2019,70463,253.2578333,73213.56878,0.02734989
Maryland,2020,73444,257.27275,75120.04989,0.054102078
Maryland,2021,74514,263.1439167,74514,0.045597845
Massachusetts,2002,50293,178.1666667,74280.43218,0
Massachusetts,2003,52043,182.0916667,75208.26793,0.012490985
Massachusetts,2004,53181,186.1083333,75194.14301,0.012300828
Massachusetts,2005,54679,191.7,75057.10078,0.010455898
Massachusetts,2006,56369,198.9416667,74560.34569,0.003768334
Massachusetts,2007,58624,204.112,75578.84382,0.017479861
Massachusetts,2008,60471,211.684,75171.36763,0.011994215
Massachusetts,2009,66712,214.6485833,81784.17344,0.101019085
Massachusetts,2010,69273,216.7613333,84096.03438,0.132142503
Massachusetts,2011,70752,221.0613333,84220.78213,0.133821919
Massachusetts,2012,71721,227.5535,82938.49511,0.116559135
Massachusetts,2013,72334,231.3886667,82260.95229,0.107437718
Massachusetts,2014,73195,234.989,81964.76848,0.103450345
Massachusetts,2015,75398,236.6704167,83831.87603,0.128586272
Massachusetts,2016,76981,238.2429167,85027.00577,0.144675701
Massachusetts,2017,78100,242.6751667,84687.44525,0.140104369
Massachusetts,2018,80357,248.1315,85218.74777,0.147257027
Massachusetts,2019,82042,253.2578333,85244.56254,0.147604558
Massachusetts,2020,84290,257.27275,86213.56415,0.160649738
Massachusetts,2021,86315,263.1439167,86315,0.162015318
Michigan,2002,52676,178.1666667,77800.01284,0
Michigan,2003,54071,182.0916667,78138.96692,0.004356736
Michigan,2004,54412,186.1083333,76934.68926,-0.011122409
Michigan,2005,56973,191.7,78206.04259,0.005218891
Michigan,2006,54739,198.9416667,72404.31377,-0.069353447
Michigan,2007,54895,204.112,70771.36722,-0.090342474
Michigan,2008,56096,211.684,69732.81471,-0.103691476
Michigan,2009,57327,214.6485833,70278.83006,-0.096673285
Michigan,2010,57958,216.7613333,70359.85103,-0.095631884
Michigan,2011,63940,221.0613333,76112.00827,-0.021696713
Michigan,2012,61560,227.5535,71188.26786,-0.084983855
Michigan,2013,61560,231.3886667,70008.35323,-0.10014985
Michigan,2014,62166,234.989,69614.34247,-0.105214255
Michigan,2015,63856,236.6704167,70998.80999,-0.087419045
Michigan,2016,62028,238.2429167,68511.1276,-0.119394392
Michigan,2017,62287,242.6751667,67540.67737,-0.131868043
Michigan,2018,61911,248.1315,65656.7305,-0.156083295
Michigan,2019,62170,253.2578333,64596.84616,-0.169706485
Michigan,2020,63568,257.27275,65018.6718,-0.164284562
Michigan,2021,64267,263.1439167,64267,-0.173946152
Minnesota,2002,42194,178.1666667,62318.58421,0
Minnesota,2003,42832.94448,182.0916667,61898.65236,-0.006738469
Minnesota,2004,45375,186.1083333,64157.01546,0.02950053
Minnesota,2005,46906,191.7,64387.21208,0.033194398
Minnesota,2006,48489,198.9416667,64137.3202,0.029184488
Minnesota,2007,49634,204.112,63988.81575,0.0268015
Minnesota,2008,50582,211.684,62878.37339,0.008982701
Minnesota,2009,51938,214.6485833,63672.29884,0.021722487
Minnesota,2010,52431,216.7613333,63650.18374,0.021367615
Minnesota,2011,53680,221.0613333,63898.85211,0.025357892
Minnesota,2012,54959,227.5535,63554.84102,0.019837691
Minnesota,2013,56268,231.3886667,63990.09129,0.026821968
Minnesota,2014,54752,234.989,61312.04322,-0.016151538
Minnesota,2015,56670,236.6704167,63008.99778,0.011078775
Minnesota,2016,56913,238.2429167,62861.51101,0.008712117
Minnesota,2017,57346,242.6751667,62182.92235,-0.002176909
Minnesota,2018,57782,248.1315,61277.91833,-0.016699126
Minnesota,2019,58221,253.2578333,60493.69439,-0.029283236
Minnesota,2020,58663,257.27275,60001.73584,-0.037177487
Minnesota,2021,59069,263.1439167,59069,-0.052144705
Mississippi,2002,33295,178.1666667,49175.17328,0
Mississippi,2003,34554.6,182.0916667,49935.46904,0.015460968
Mississippi,2004,35684,186.1083333,50454.63228,0.026018393
Mississippi,2005,36590,191.7,50226.58274,0.0213809
Mississippi,2006,40576,198.9416667,53670.64498,0.091417506
Mississippi,2007,40182,204.112,51803.1711,0.053441557
Mississippi,2008,42403,211.684,52711.07641,0.071904233
Mississippi,2009,44498,214.6485833,54551.3873,0.10932781
Mississippi,2010,45644,216.7613333,55410.90169,0.126806435
Mississippi,2011,41975,221.0613333,49965.61694,0.016074039
Mississippi,2012,41646,227.5535,48159.62643,-0.020651617
Mississippi,2013,41814,231.3886667,47552.45747,-0.03299868
Mississippi,2014,42187,234.989,47241.58328,-0.039320451
Mississippi,2015,42564,236.6704167,47325.1276,-0.037621539
Mississippi,2016,42744,238.2429167,47211.57603,-0.039930663
Mississippi,2017,42925,242.6751667,46545.5645,-0.053474317
Mississippi,2018,44926,248.1315,47644.10645,-0.031134955
Mississippi,2019,45105,253.2578333,46865.70285,-0.046964154
Mississippi,2020,46843,257.27275,47911.99413,-0.025687335
Mississippi,2021,47655,263.1439167,47655,-0.03091343
Missouri,2002,37996,178.1666667,56118.3326,0
Missouri,2003,38826.4,182.0916667,56108.72344,-1.71E-04
Missouri,2004,38006,186.1083333,53737.77476,-0.042420324
Missouri,2005,39067,191.7,53626.7261,-0.044399154
Missouri,2006,40462,198.9416667,53519.85501,-0.046303542
Missouri,2007,41839,204.112,53939.39763,-0.038827507
Missouri,2008,43206,211.684,53709.28395,-0.042928015
Missouri,2009,44249,214.6485833,54246.13099,-0.033361676
Missouri,2010,45317,216.7613333,55013.93024,-0.019679885
Missouri,2011,45321,221.0613333,53948.5819,-0.038663848
Missouri,2012,46406,227.5535,53664.11238,-0.04373295
Missouri,2013,47517,231.3886667,54038.12412,-0.037068252
Missouri,2014,46750,234.989,52351.29348,-0.067126711
Missouri,2015,47409,236.6704167,52712.08003,-0.06069768
Missouri,2016,47957,238.2429167,52969.43552,-0.056111736
Missouri,2017,48618,242.6751667,52718.74793,-0.060578861
Missouri,2018,49304,248.1315,52286.98358,-0.068272681
Missouri,2019,50019,253.2578333,51971.52402,-0.073894009
Missouri,2020,50817,257.27275,51976.68394,-0.073802062
Missouri,2021,51557,263.1439167,51557,-0.081280615
Montana,2002,34379,178.1666667,50776.19108,0
Montana,2003,35754,182.0916667,51668.74338,0.017578166
Montana,2004,37184,186.1083333,52575.52535,0.035436574
Montana,2005,38485,191.7,52827.82281,0.040405389
Montana,2006,39832,198.9416667,52686.54206,0.037622967
Montana,2007,41225,204.112,53147.82063,0.046707512
Montana,2008,42874,211.684,53296.57548,0.04963713
Montana,2009,44426,214.6485833,54463.12042,0.072611381
Montana,2010,45759,216.7613333,55550.50939,0.094026712
Montana,2011,47132,221.0613333,56104.33491,0.104933901
Montana,2012,48546,227.5535,56138.81825,0.105613026
Montana,2013,48855,231.3886667,55559.74817,0.094208663
Montana,2014,49893,234.989,55870.86814,0.100335944
Montana,2015,50670,236.6704167,56337.84926,0.109532796
Montana,2016,51034,238.2429167,56368.04162,0.110127412
Montana,2017,51422,242.6751667,55759.25493,0.098137803
Montana,2018,52776,248.1315,55969.04603,0.102269486
Montana,2019,50721,253.2578333,52700.92704,0.037906269
Montana,2020,52135,257.27275,53324.76174,0.050192238
Montana,2021,52894,263.1439167,52894,0.0417087
Nebraska,2002,36236,178.1666667,53518.89409,0
Nebraska,2003,37896,182.0916667,54764.1858,0.023268263
Nebraska,2004,38352,186.1083333,54226.99409,0.013230841
Nebraska,2005,39456,191.7,54160.70097,0.011992155
Nebraska,2006,40382,198.9416667,53414.0375,-0.001959244
Nebraska,2007,42044,204.112,54203.68637,0.012795337
Nebraska,2008,42885,211.684,53310.24955,-0.003898521
Nebraska,2009,44957,214.6485833,55114.0887,0.029806195
Nebraska,2010,46227,216.7613333,56118.65202,0.048576451
Nebraska,2011,47368,221.0613333,56385.26131,0.053558043
Nebraska,2012,48154,227.5535,55685.50764,0.040483152
Nebraska,2013,48997,231.3886667,55721.23592,0.041150735
Nebraska,2014,49539,234.989,55474.45407,0.036539619
Nebraska,2015,50525,236.6704167,56176.62983,0.049659766
Nebraska,2016,51386,238.2429167,56756.83244,0.060500846
Nebraska,2017,52338,242.6751667,56752.51613,0.060420195
Nebraska,2018,54213,248.1315,57492.9872,0.07425589
Nebraska,2019,54470,253.2578333,56596.27168,0.057500769
Nebraska,2020,55267,257.27275,56528.23644,0.056229532
Nebraska,2021,56463,263.1439167,56463,0.055010589
Nevada,2002,40764,178.1666667,60206.54042,0
Nevada,2003,41795,182.0916667,60398.70027,0.003191677
Nevada,2004,42254,186.1083333,59744.14394,-0.00768017
Nevada,2005,43394,191.7,59566.33865,-0.010633426
Nevada,2006,44426,198.9416667,58763.11302,-0.023974595
Nevada,2007,45342,204.112,58455.51202,-0.029083691
Nevada,2008,47710,211.684,59308.19648,-0.014921036
Nevada,2009,50067,214.6485833,61378.58574,0.019467076
Nevada,2010,51524,216.7613333,62549.10391,0.038908788
Nevada,2011,53023,221.0613333,63116.78159,0.048337625
Nevada,2012,54559,227.5535,63092.27918,0.047930652
Nevada,2013,55957,231.3886667,63636.41036,0.056968394
Nevada,2014,55813,234.989,62500.16563,0.038095948
Nevada,2015,56703,236.6704167,63045.68909,0.047156815
Nevada,2016,56943,238.2429167,62894.64659,0.044648076
Nevada,2017,57376,242.6751667,62215.45274,0.033367011
Nevada,2018,54280,248.1315,57564.04083,-0.043890574
Nevada,2019,55950,253.2578333,58134.04444,-0.034423104
Nevada,2020,56672,257.27275,57965.29965,-0.037225869
Nevada,2021,58167,263.1439167,58167,-0.033875729
New Hampshire,2002,39915,178.1666667,58952.60674,0
New Hampshire,2003,40519.43354,182.0916667,58555.35642,-0.006738469
New Hampshire,2004,42689,186.1083333,60359.20293,0.023859779
New Hampshire,2005,43941,191.7,60317.19793,0.023147258
New Hampshire,2006,45263,198.9416667,59870.22879,0.015565419
New Hampshire,2007,46527,204.112,59983.22985,0.017482231
New Hampshire,2008,47609,211.684,59182.6436,0.003902064
New Hampshire,2009,49872,214.6485833,61139.52959,0.037096288
New Hampshire,2010,51443,216.7613333,62450.77153,0.059338594
New Hampshire,2011,52792,221.0613333,62841.80702,0.065971642
New Hampshire,2012,54177,227.5535,62650.53261,0.062727097
New Hampshire,2013,55599,231.3886667,63229.27926,0.072544248
New Hampshire,2014,57057,234.989,63893.21395,0.083806425
New Hampshire,2015,58554,236.6704167,65103.73841,0.104340283
New Hampshire,2016,56616,238.2429167,62533.46876,0.060741369
New Hampshire,2017,57522,242.6751667,62373.7673,0.058032388
New Hampshire,2018,57833,248.1315,61332.00393,0.040361187
New Hampshire,2019,59182,253.2578333,61492.20765,0.043078687
New Hampshire,2020,59622,257.27275,60982.62097,0.034434681
New Hampshire,2021,61789,263.1439167,61789,0.04811311
New Jersey,2002,53192,178.1666667,78562.12095,0
New Jersey,2003,54166,182.0916667,78276.25312,-0.003638749
New Jersey,2004,55592,186.1083333,78603.12514,5.22E-04
New Jersey,2005,56682,191.7,77806.59095,-0.009616976
New Jersey,2006,58156,198.9416667,76924.04449,-0.020850716
New Jersey,2007,59920,204.112,77249.66433,-0.016705972
New Jersey,2008,61277,211.684,76173.30446,-0.030406721
New Jersey,2009,63111,214.6485833,77369.60322,-0.015179297
New Jersey,2010,65130,216.7613333,79066.51536,0.006420326
New Jersey,2011,66612,221.0613333,79292.66649,0.009298954
New Jersey,2012,67078,227.5535,77569.3085,-0.012637292
New Jersey,2013,68797,231.3886667,78238.54252,-0.004118759
New Jersey,2014,68238,234.989,76413.85165,-0.027344849
New Jersey,2015,69038,236.6704167,76760.45859,-0.022932965
New Jersey,2016,69330,238.2429167,76576.32805,-0.025276722
New Jersey,2017,69623,242.6751667,75495.44175,-0.039035087
New Jersey,2018,69917,248.1315,74147.10837,-0.056197726
New Jersey,2019,74760,253.2578333,77678.30496,-0.0112499
New Jersey,2020,76376,257.27275,78118.96044,-0.005640893
New Jersey,2021,77489,263.1439167,77489,-0.013659521
New Mexico,2002,36440,178.1666667,53820.19265,0
New Mexico,2003,36687,182.0916667,53017.03833,-0.014922918
New Mexico,2004,38067,186.1083333,53824.02441,7.12E-05
New Mexico,2005,39391,191.7,54071.47638,0.004668949
New Mexico,2006,41637,198.9416667,55074.0498,0.023297151
New Mexico,2007,42780,204.112,55152.5474,0.024755667
New Mexico,2008,45112,211.684,56078.62837,0.041962609
New Mexico,2009,45752,214.6485833,56088.70223,0.042149786
New Mexico,2010,46258,216.7613333,56156.28539,0.043405507
New Mexico,2011,46888,221.0613333,55813.88558,0.037043586
New Mexico,2012,45622,227.5535,52757.49117,-0.019745405
New Mexico,2013,45453,231.3886667,51690.86549,-0.039563722
New Mexico,2014,45727,234.989,51205.724,-0.048577839
New Mexico,2015,46625,236.6704167,51840.38329,-0.036785624
New Mexico,2016,47163,238.2429167,52092.44714,-0.03210218
New Mexico,2017,47122,242.6751667,51096.56588,-0.050606039
New Mexico,2018,47152,248.1315,50004.78359,-0.070891776
New Mexico,2019,47826,253.2578333,49692.91884,-0.076686344
New Mexico,2020,54256,257.27275,55494.16463,0.031103047
New Mexico,2021,54923,263.1439167,54923,0.020490587
New York,2002,52000,178.1666667,76801.59214,0
New York,2003,52600,182.0916667,76013.19857,-0.010265328
New York,2004,55181,186.1083333,78022.00044,0.015890404
New York,2005,56200,191.7,77144.95627,0.004470794
New York,2006,57354,198.9416667,75863.22388,-0.012218083
New York,2007,58537,204.112,75466.68226,-0.017381279
New York,2008,62332,211.684,77484.77265,0.008895395
New York,2009,69118,214.6485833,84733.75854,0.103281276
New York,2010,71633,216.7613333,86961.0271,0.132281567
New York,2011,72708,221.0613333,86549.13822,0.126918542
New York,2012,73398,227.5535,84877.78564,0.10515659
New York,2013,75279,231.3886667,85610.11733,0.114691961
New York,2014,76409,234.989,85563.84992,0.114089533
New York,2015,77628,236.6704167,86311.31956,0.123822009
New York,2016,79152,238.2429167,87424.91732,0.138321679
New York,2017,81902,242.6751667,88810.12985,0.156357927
New York,2018,84227,248.1315,89322.88996,0.163034352
New York,2019,85889,253.2578333,89241.73267,0.161977639
New York,2020,87069,257.27275,89055.98312,0.159559075
New York,2021,87738,263.1439167,87738,0.142398192
North Carolina,2002,42680,178.1666667,63036.3837,0
North Carolina,2003,43076,182.0916667,62249.89623,-0.012476723
North Carolina,2004,43211,186.1083333,61097.27372,-0.030761758
North Carolina,2005,43348,191.7,59503.19509,-0.056049989
North Carolina,2006,43922,198.9416667,58096.46265,-0.078366187
North Carolina,2007,46410,204.112,59832.39189,-0.050827659
North Carolina,2008,47354,211.684,58865.65366,-0.066163853
North Carolina,2009,48648,214.6485833,59638.99253,-0.053895718
North Carolina,2010,46850,216.7613333,56874.96154,-0.097743903
North Carolina,2011,46605,221.0613333,55477.01197,-0.119920771
North Carolina,2012,45947,227.5535,53133.32267,-0.157100716
North Carolina,2013,45737,231.3886667,52013.841,-0.17486001
North Carolina,2014,44990,234.989,50380.42126,-0.200772343
North Carolina,2015,47819,236.6704167,53167.94185,-0.156551523
North Carolina,2016,47941,238.2429167,52951.76321,-0.159980949
North Carolina,2017,49970,242.6751667,54184.78411,-0.140420485
North Carolina,2018,51231,248.1315,54330.57066,-0.138107749
North Carolina,2019,53940,253.2578333,56045.58279,-0.110901046
North Carolina,2020,54150,257.27275,55385.74562,-0.121368607
North Carolina,2021,54392,263.1439167,54392,-0.137133243
North Dakota,2002,32253,178.1666667,47636.18753,0
North Dakota,2003,33210,182.0916667,47992.36359,0.007477006
North Dakota,2004,35441,186.1083333,50111.0476,0.051953361
North Dakota,2005,36695,191.7,50370.71477,0.05740441
North Dakota,2006,37764,198.9416667,49951.15923,0.048596914
North Dakota,2007,38822,204.112,50049.84093,0.050668484
North Dakota,2008,40279,211.684,50070.73666,0.051107136
North Dakota,2009,41654,214.6485833,51064.84531,0.071975907
North Dakota,2010,42964,216.7613333,52157.43538,0.094912042
North Dakota,2011,44807,221.0613333,53336.73373,0.119668397
North Dakota,2012,46058,227.5535,53261.68358,0.118092911
North Dakota,2013,47344,231.3886667,53841.38199,0.130262197
North Dakota,2014,48666,234.989,54496.85665,0.144022212
North Dakota,2015,50025,236.6704167,55620.70079,0.167614448
North Dakota,2016,50472,238.2429167,55747.30174,0.170272111
North Dakota,2017,52968,242.6751667,57435.65429,0.205714757
North Dakota,2018,52850,248.1315,56047.52317,0.176574493
North Dakota,2019,53434,253.2578333,55519.83075,0.165496939
North Dakota,2020,53525,257.27275,54746.48263,0.149262472
North Dakota,2021,54837,263.1439167,54837,0.151162653
Ohio,2002,44029,178.1666667,65028.79424,0
Ohio,2003,45452,182.0916667,65683.49623,0.010067878
Ohio,2004,47482,186.1083333,67136.16326,0.032406706
Ohio,2005,48692,191.7,66838.82937,0.027834364
Ohio,2006,50314,198.9416667,66551.28232,0.023412522
Ohio,2007,51937,204.112,66957.87411,0.029665011
Ohio,2008,53410,211.684,66393.854,0.02099162
Ohio,2009,54656,214.6485833,67004.37378,0.030380073
Ohio,2010,55958,216.7613333,67931.89109,0.044643252
Ohio,2011,56715,221.0613333,67511.61322,0.038180302
Ohio,2012,56715,227.5535,65585.48752,0.00856072
Ohio,2013,56307,231.3886667,64034.44356,-0.015290929
Ohio,2014,55913,234.989,62612.14701,-0.037162726
Ohio,2015,56172,236.6704167,62455.29245,-0.039574804
Ohio,2016,56441,238.2429167,62340.17787,-0.041345013
Ohio,2017,58202,242.6751667,63111.12277,-0.029489574
Ohio,2018,58000,248.1315,61509.10774,-0.054125046
Ohio,2019,59713,253.2578333,62043.93558,-0.045900569
Ohio,2020,61406,257.27275,62807.33326,-0.03416119
Ohio,2021,61687,263.1439167,61687,-0.051389454
Oklahoma,2002,34744,178.1666667,51315.27918,0
Oklahoma,2003,34854,182.0916667,50368.13732,-0.018457307
Oklahoma,2004,35061,186.1083333,49573.75469,-0.033937738
Oklahoma,2005,37879,191.7,51995.97506,0.013264975
Oklahoma,2006,38772,198.9416667,51284.45995,-6.01E-04
Oklahoma,2007,42379,204.112,54635.57284,0.064703802
Oklahoma,2008,43551,211.684,54138.15269,0.05501039
Oklahoma,2009,43846,214.6485833,53752.08162,0.047486879
Oklahoma,2010,47691,216.7613333,57895.91869,0.128239379
Oklahoma,2011,44343,221.0613333,52784.40386,0.028629381
Oklahoma,2012,44391,227.5535,51333.95709,3.64E-04
Oklahoma,2013,44373,231.3886667,50462.64877,-0.016615527
Oklahoma,2014,44549,234.989,49886.58339,-0.027841528
Oklahoma,2015,45317,236.6704167,50386.07292,-0.018107789
Oklahoma,2016,45276,238.2429167,50008.21908,-0.025471168
Oklahoma,2017,45292,242.6751667,49112.21217,-0.042931989
Oklahoma,2018,46300,248.1315,49101.236,-0.043145886
Oklahoma,2019,52397,253.2578333,54442.35079,0.060938412
Oklahoma,2020,54096,257.27275,55330.5133,0.078246366
Oklahoma,2021,54256,263.1439167,54256,0.057306924
Oregon,2002,46081,178.1666667,68059.50322,0
Oregon,2003,47600,182.0916667,68787.60935,0.010698082
Oregon,2004,49169,186.1083333,69521.46101,0.021480583
Oregon,2005,48330,191.7,66341.91702,-0.025236537
Oregon,2006,50044,198.9416667,66194.1482,-0.027407708
Oregon,2007,50911,204.112,65635.1412,-0.035621212
Oregon,2008,51811,211.684,64406.1406,-0.053678949
Oregon,2009,54085,214.6485833,66304.36834,-0.025788241
Oregon,2010,55224,216.7613333,67040.82979,-0.014967394
Oregon,2011,56503,221.0613333,67259.25561,-0.011758058
Oregon,2012,57348,227.5535,66317.49164,-0.02559542
Oregon,2013,57612,231.3886667,65518.53877,-0.037334455
Oregon,2014,58638,234.989,65663.63951,-0.035202486
Oregon,2015,59811,236.6704167,66501.34403,-0.022894072
Oregon,2016,60359,238.2429167,66667.68477,-0.020450024
Oregon,2017,61862,242.6751667,67079.8302,-0.01439436
Oregon,2018,63061,248.1315,66876.30764,-0.017384723
Oregon,2019,65125,253.2578333,67667.1965,-0.005764173
Oregon,2020,67685,257.27275,69229.62498,0.017192629
Oregon,2021,68671,263.1439167,68671,0.008984738
Pennsylvania,2002,50599,178.1666667,74732.38002,0
Pennsylvania,2003,51800,182.0916667,74857.1043,0.001668946
Pennsylvania,2004,51835,186.1083333,73290.99496,-0.01928729
Pennsylvania,2005,53258,191.7,73106.5139,-0.021755846
Pennsylvania,2006,54027,198.9416667,71462.53786,-0.043754021
Pennsylvania,2007,54970,204.112,70868.05822,-0.051708801
Pennsylvania,2008,55833,211.684,69405.87999,-0.071274326
Pennsylvania,2009,57237,214.6485833,70168.49645,-0.061069694
Pennsylvania,2010,59156,216.7613333,71814.19903,-0.039048415
Pennsylvania,2011,60760,221.0613333,72326.64408,-0.032191347
Pennsylvania,2012,61934,227.5535,71620.76318,-0.041636796
Pennsylvania,2013,62994,231.3886667,71639.1521,-0.041390732
Pennsylvania,2014,63701,234.989,71333.2566,-0.045483944
Pennsylvania,2015,64447,236.6704167,71655.91812,-0.041166385
Pennsylvania,2016,65151,238.2429167,71960.5416,-0.037090193
Pennsylvania,2017,66265,242.6751667,71854.20691,-0.038513066
Pennsylvania,2018,67535,248.1315,71620.99295,-0.041633721
Pennsylvania,2019,68930,253.2578333,71620.72713,-0.041637278
Pennsylvania,2020,70339,257.27275,71944.19135,-0.037308977
Pennsylvania,2021,71281,263.1439167,71281,-0.046183194
Rhode Island,2002,49758,178.1666667,73490.26196,0
Rhode Island,2003,51076,182.0916667,73810.83898,0.00436217
Rhode Island,2004,52261,186.1083333,73893.32859,0.005484626
Rhode Island,2005,53473,191.7,73401.6414,-0.001205882
Rhode Island,2006,54730,198.9416667,72392.4093,-0.01493875
Rhode Island,2007,55956,204.112,72139.22259,-0.018383924
Rhode Island,2008,57168,211.684,71065.41556,-0.032995479
Rhode Island,2009,58407,214.6485833,71602.83335,-0.025682704
Rhode Island,2010,59686,216.7613333,72457.60841,-0.01405157
Rhode Island,2011,60923,221.0613333,72520.67376,-0.013193424
Rhode Island,2012,62186,227.5535,71912.17714,-0.021473387
Rhode Island,2013,63474,231.3886667,72185.0262,-0.017760663
Rhode Island,2014,64696,234.989,72447.4713,-0.014189508
Rhode Island,2015,65918,236.6704167,73291.46136,-0.002705128
Rhode Island,2016,66197,238.2429167,73115.86886,-0.005094459
Rhode Island,2017,66477,242.6751667,72084.08832,-0.019134149
Rhode Island,2018,66758,248.1315,70796.98301,-0.036648107
Rhode Island,2019,67040,253.2578333,69656.94976,-0.052160818
Rhode Island,2020,75336,257.27275,77055.22682,0.04850935
Rhode Island,2021,75966,263.1439167,75966,0.033687974
South Carolina,2002,39923,178.1666667,58964.42237,0
South Carolina,2003,41279,182.0916667,59653.01947,0.011678179
South Carolina,2004,41162,186.1083333,58200.13378,-0.01296186
South Carolina,2005,42189,191.7,57912.25196,-0.017844157
South Carolina,2006,43011,198.9416667,56891.46567,-0.035156059
South Carolina,2007,44133,204.112,56896.85307,-0.035064692
South Carolina,2008,45758,211.684,56881.66956,-0.035322195
South Carolina,2009,47421,214.6485833,58134.77768,-0.014070259
South Carolina,2010,47508,216.7613333,57673.76036,-0.021888826
South Carolina,2011,47050,221.0613333,56006.72489,-0.050160713
South Carolina,2012,47428,227.5535,54845.95789,-0.069846601
South Carolina,2013,48375,231.3886667,55013.87407,-0.066998847
South Carolina,2014,48430,234.989,54232.58061,-0.080249099
South Carolina,2015,48486,236.6704167,53909.55119,-0.085727477
South Carolina,2016,48769,238.2429167,53866.30525,-0.086460902
South Carolina,2017,50000,242.6751667,54217.3145,-0.080508003
South Carolina,2018,50182,248.1315,53218.10422,-0.097453989
South Carolina,2019,50882,253.2578333,52868.21178,-0.103387947
South Carolina,2020,53329,257.27275,54546.00976,-0.074933535
South Carolina,2021,53361,263.1439167,53361,-0.095030565
South Dakota,2002,31295,178.1666667,46221.26589,0
South Dakota,2003,32416,182.0916667,46844.94002,0.013493229
South Dakota,2004,33236,186.1083333,46993.33478,0.016703759
South Dakota,2005,34040,191.7,46726.2333,0.010925002
South Dakota,2006,34709,198.9416667,45910.25277,-0.006728788
South Dakota,2007,35378,204.112,45609.79013,-0.013229317
South Dakota,2008,36674,211.684,45589.36906,-0.013671128
South Dakota,2009,35070,214.6485833,42993.32898,-0.069836618
South Dakota,2010,38837,216.7613333,47147.34005,0.020035673
South Dakota,2011,39850,221.0613333,47436.08899,0.026282774
South Dakota,2012,38804,227.5535,44873.12453,-0.029167123
South Dakota,2013,39018,231.3886667,44372.74085,-0.039992956
South Dakota,2014,40023,234.989,44818.30629,-0.030353119
South Dakota,2015,40934,236.6704167,45512.79892,-0.015327728
South Dakota,2016,42025,238.2429167,46417.4266,0.004243949
South Dakota,2017,46979,242.6751667,50941.50436,0.102122657
South Dakota,2018,47631,248.1315,50512.76398,0.092846832
South Dakota,2019,48204,253.2578333,50085.67432,0.08360672
South Dakota,2020,48984,257.27275,50101.85344,0.083956756
South Dakota,2021,49993,263.1439167,49993,0.081601705
Tennessee,2002,38515,178.1666667,56884.87156,0
Tennessee,2003,39677,182.0916667,57337.94068,0.007964668
Tennessee,2004,40318,186.1083333,57006.77795,0.002143037
Tennessee,2005,42076,191.7,57757.13843,0.015333899
Tennessee,2006,42537,198.9416667,56264.49688,-0.010905794
Tennessee,2007,43816,204.112,56488.17244,-0.006973719
Tennessee,2008,45030,211.684,55976.69435,-0.01596518
Tennessee,2009,45549,214.6485833,55839.83865,-0.018371016
Tennessee,2010,46290,216.7613333,56195.13275,-0.012125171
Tennessee,2011,45891,221.0613333,54627.09058,-0.039690359
Tennessee,2012,47082,227.5535,54445.8419,-0.042876596
Tennessee,2013,47563,231.3886667,54090.43705,-0.049124388
Tennessee,2014,47742,234.989,53462.14874,-0.060169299
Tennessee,2015,47979,236.6704167,53345.83914,-0.062213948
Tennessee,2016,48217,238.2429167,53256.61055,-0.06378253
Tennessee,2017,50099,242.6751667,54324.66479,-0.045006813
Tennessee,2018,50900,248.1315,53979.54455,-0.051073808
Tennessee,2019,51349,253.2578333,53353.44143,-0.062080304
Tennessee,2020,51862,257.27275,53045.53166,-0.067493163
Tennessee,2021,52380,263.1439167,52380,-0.079192788
Texas,2002,39232,178.1666667,57943.84736,0
Texas,2003,40001,182.0916667,57806.15886,-0.00237624
Texas,2004,40476,186.1083333,57230.17868,-0.012316557
Texas,2005,41011,191.7,56295.22779,-0.028452021
Texas,2006,41744,198.9416667,55215.58073,-0.047084665
Texas,2007,44897,204.112,57881.81208,-0.00107061
Texas,2008,46179,211.684,57405.01374,-0.009299238
Texas,2009,47157,214.6485833,57811.13244,-0.002290406
Texas,2010,48261,216.7613333,58587.88727,0.011114897
Texas,2011,48638,221.0613333,57897.02625,-8.08E-04
Texas,2012,48373,227.5535,55938.76025,-0.034603969
Texas,2013,48819,231.3886667,55518.80761,-0.041851549
Texas,2014,49690,234.989,55643.54595,-0.039698803
Texas,2015,50713,236.6704167,56385.65915,-0.026891349
Texas,2016,51890,238.2429167,57313.51021,-0.010878414
Texas,2017,52575,242.6751667,57009.5062,-0.016124942
Texas,2018,53334,248.1315,56560.80607,-0.023868648
Texas,2019,54121,253.2578333,56233.64824,-0.029514766
Texas,2020,57090,257.27275,58392.83874,0.007748733
Texas,2021,57641,263.1439167,57641,-0.005226566
United States,2002,44683,178.1666667,65994.72196,0
United States,2003,45776,182.0916667,66151.71441,0.002378864
United States,2004,46704,186.1083333,66036.12672,6.27E-04
United States,2005,47516,191.7,65224.55057,-0.011670197
United States,2006,48804,198.9416667,64553.97667,-0.02183122
United States,2007,50816,204.112,65512.66594,-0.007304463
United States,2008,52308,211.684,65023.96021,-0.014709688
United States,2009,54319,214.6485833,66591.23572,0.00903881
United States,2010,55370,216.7613333,67218.07087,0.018537072
United States,2011,55623,221.0613333,66211.73344,0.003288316
United States,2012,55418,227.5535,64085.63074,-0.028927938
United States,2013,56103,231.3886667,63802.44707,-0.033218943
United States,2014,56610,234.989,63392.6572,-0.039428377
United States,2015,57420,236.6704167,63842.89134,-0.032606102
United States,2016,58353,238.2429167,64452.01891,-0.023376158
United States,2017,59660,242.6751667,64692.09967,-0.01973828
United States,2018,60477,248.1315,64135.97084,-0.028165148
United States,2019,62304,253.2578333,64736.07694,-0.019071904
United States,2020,64133,257.27275,65596.56554,-0.006033156
United States,2021,65090,263.1439167,65090,-0.013709005
Utah,2002,37414,178.1666667,55258.74555,0
Utah,2003,38413,182.0916667,55511.31173,0.00457061
Utah,2004,38976,186.1083333,55109.28561,-0.002704729
Utah,2005,39456,191.7,54160.70097,-0.019870965
Utah,2006,40007,198.9416667,52918.01788,-0.042359407
Utah,2007,40566,204.112,52298.22903,-0.053575529
Utah,2008,41615,211.684,51731.51533,-0.063831167
Utah,2009,42335,214.6485833,51899.70294,-0.060787529
Utah,2010,45885,216.7613333,55703.47087,0.008048053
Utah,2011,47033,221.0613333,55986.48866,0.013169736
Utah,2012,48159,227.5535,55691.28966,0.007827614
Utah,2013,49393,231.3886667,56171.58205,0.016519313
Utah,2014,45695,234.989,51169.88996,-0.073994723
Utah,2015,45848,236.6704167,50976.46956,-0.077494991
Utah,2016,46887,238.2429167,51787.59979,-0.062816224
Utah,2017,47244,242.6751667,51228.85613,-0.072927631
Utah,2018,49655,248.1315,52659.21974,-0.047042794
Utah,2019,51858,253.2578333,53882.31057,-0.024908907
Utah,2020,54678,257.27275,55925.795,0.012071382
Utah,2021,56918,263.1439167,56918,0.030027002
Vermont,2002,39240,178.1666667,57955.66299,0
Vermont,2003,41603,182.0916667,60121.23765,0.037366058
Vermont,2004,42007,186.1083333,59394.90355,0.024833476
Vermont,2005,44535,191.7,61132.57344,0.054816221
Vermont,2006,46622,198.9416667,61667.80388,0.064051392
Vermont,2007,48370,204.112,62359.25006,0.075981998
Vermont,2008,46593,211.684,57919.65623,-6.21E-04
Vermont,2009,47884,214.6485833,58702.3828,0.012884329
Vermont,2010,49084,216.7613333,59586.99279,0.028147893
Vermont,2011,50141,221.0613333,59686.14649,0.029858747
Vermont,2012,51306,227.5535,59330.49498,0.023722134
Vermont,2013,52526,231.3886667,59734.54779,0.030693891
Vermont,2014,55958,234.989,62662.53862,0.081215111
Vermont,2015,57642,236.6704167,64089.72384,0.105840578
Vermont,2016,58901,238.2429167,65057.29552,0.12253561
Vermont,2017,57349,242.6751667,62186.17539,0.072995669
Vermont,2018,60556,248.1315,64219.75049,0.108084132
Vermont,2019,60672,253.2578333,63040.37076,0.087734442
Vermont,2020,61108,257.27275,62502.53266,0.078454278
Vermont,2021,61547,263.1439167,61547,0.061966973
Virginia,2002,41731,178.1666667,61634.75465,0
Virginia,2003,43152,182.0916667,62359.72519,0.011762366
Virginia,2004,43655,186.1083333,61725.05807,0.001465138
Virginia,2005,42768,191.7,58707.03718,-0.047501081
Virginia,2006,43823,198.9416667,57965.51348,-0.059532016
Virginia,2007,44727,204.112,57662.64581,-0.064445926
Virginia,2008,46796,211.684,58172.00508,-0.056181769
Virginia,2009,48365,214.6485833,59292.05463,-0.0380094
Virginia,2010,50015,216.7613333,60717.20814,-0.014886836
Virginia,2011,48761,221.0613333,58043.44128,-0.058267667
Virginia,2012,48703,227.5535,56320.37377,-0.08622377
Virginia,2013,48670,231.3886667,55349.35919,-0.101978105
Virginia,2014,49826,234.989,55795.84062,-0.094734117
Virginia,2015,50620,236.6704167,56282.25635,-0.08684221
Virginia,2016,50834,238.2429167,56147.13775,-0.089034457
Virginia,2017,51049,242.6751667,55354.79376,-0.101889931
Virginia,2018,51994,248.1315,55139.73358,-0.105379199
Virginia,2019,53267,253.2578333,55346.3118,-0.102027547
Virginia,2020,57665,257.27275,58980.96069,-0.043056778
Virginia,2021,59267,263.1439167,59267,-0.038415901
Washington,2002,43464,178.1666667,64194.3154,0
Washington,2003,44949,182.0916667,64956.60195,0.011874674
Washington,2004,45434,186.1083333,64240.43725,7.18E-04
Washington,2005,45718,191.7,62756.46104,-0.022398469
Washington,2006,46326,198.9416667,61276.27906,-0.045456304
Washington,2007,47882,204.112,61730.11395,-0.038386599
Washington,2008,49884,211.684,62010.69112,-0.034015851
Washington,2009,52567,214.6485833,64443.40816,0.003880293
Washington,2010,53003,216.7613333,64344.58028,0.002340782
Washington,2011,52926,221.0613333,63001.31608,-0.018584189
Washington,2012,52232,227.5535,60401.32565,-0.059086069
Washington,2013,52234,231.3886667,59402.47438,-0.074645878
Washington,2014,52969,234.989,59315.41528,-0.076002059
Washington,2015,52502,236.6704167,58374.77327,-0.090655101
Washington,2016,53738,238.2429167,59354.662,-0.075390685
Washington,2017,54433,242.6751667,59024.22161,-0.080538187
Washington,2018,55693,248.1315,59062.52995,-0.079941431
Washington,2019,73049,253.2578333,75900.51496,0.182355704
Washington,2020,76743,257.27275,78494.33567,0.222761473
Washington,2021,79529,263.1439167,79529,0.238879167
West Virginia,2002,36751,178.1666667,54279.52525,0
West Virginia,2003,38508,182.0916667,55648.59792,0.025222635
West Virginia,2004,38461,186.1083333,54381.11232,0.001871554
West Virginia,2005,38360,191.7,52656.23705,-0.029906087
West Virginia,2006,38284,198.9416667,50638.97309,-0.06707045
West Virginia,2007,40531,204.112,52253.10656,-0.037333022
West Virginia,2008,42529,211.684,52867.70673,-0.026010149
West Virginia,2009,44701,214.6485833,54800.25089,0.009593408
West Virginia,2010,45959,216.7613333,55793.30538,0.027888603
West Virginia,2011,44260,221.0613333,52685.60348,-0.029365065
West Virginia,2012,45320,227.5535,52408.25697,-0.034474662
West Virginia,2013,45453,231.3886667,51690.86549,-0.047691275
West Virginia,2014,45086,234.989,50487.92338,-0.069853261
West Virginia,2015,45783,236.6704167,50904.19879,-0.062184156
West Virginia,2016,45622,238.2429167,50390.38278,-0.071650267
West Virginia,2017,45555,242.6751667,49397.39524,-0.089944228
West Virginia,2018,45642,248.1315,48403.42578,-0.10825628
West Virginia,2019,47681,253.2578333,49542.25868,-0.087275387
West Virginia,2020,50238,257.27275,51384.4707,-0.053336033
West Virginia,2021,50261,263.1439167,50261,-0.074033906
Wisconsin,2002,42232,178.1666667,62374.70845,0
Wisconsin,2003,42871,182.0916667,61953.64707,-0.006750515
Wisconsin,2004,42882,186.1083333,60632.09117,-0.027937883
Wisconsin,2005,44299,191.7,60808.61953,-0.025107755
Wisconsin,2006,46390,198.9416667,61360.93308,-0.016252988
Wisconsin,2007,47901,204.112,61754.609,-0.009941521
Wisconsin,2008,49051,211.684,60975.19064,-0.022437264
Wisconsin,2009,51121,214.6485833,62670.71487,0.004745616
Wisconsin,2010,51264,216.7613333,62233.46912,-0.002264369
Wisconsin,2011,54195,221.0613333,64511.89065,0.034263602
Wisconsin,2012,53792,227.5535,62205.31684,-0.00271571
Wisconsin,2013,53797,231.3886667,61179.97691,-0.019154102
Wisconsin,2014,53679,234.989,60110.48306,-0.036300376
Wisconsin,2015,54535,236.6704167,60635.18076,-0.02788835
Wisconsin,2016,54115,238.2429167,59771.06581,-0.041741961
Wisconsin,2017,54998,242.6751667,59636.87726,-0.04389329
Wisconsin,2018,51469,248.1315,54582.97011,-0.124918233
Wisconsin,2019,58277,253.2578333,60551.88039,-0.029223833
Wisconsin,2020,59431,257.27275,60787.2622,-0.025450159
Wisconsin,2021,60038,263.1439167,60038,-0.037462435
Wyoming,2002,37837,178.1666667,55883.49696,0
Wyoming,2003,37876,182.0916667,54735.28344,-0.020546558
Wyoming,2004,39532,186.1083333,55895.42998,2.14E-04
Wyoming,2005,40497,191.7,55589.66715,-0.005257899
Wyoming,2006,43225,198.9416667,57174.52753,0.023102179
Wyoming,2007,50692,204.112,65352.80348,0.169447279
Wyoming,2008,53074,211.684,65976.17313,0.180602087
Wyoming,2009,54602,214.6485833,66938.17362,0.19781648
Wyoming,2010,55861,216.7613333,67814.13503,0.213491258
Wyoming,2011,56100,221.0613333,66779.53807,0.194977797
Wyoming,2012,57222,227.5535,66171.78466,0.184102432
Wyoming,2013,56775,231.3886667,64566.67081,0.15537993
Wyoming,2014,56583,234.989,63362.42223,0.13383066
Wyoming,2015,57414,236.6704167,63836.22019,0.142308976
Wyoming,2016,58140,238.2429167,64216.75628,0.14911843
Wyoming,2017,58187,242.6751667,63094.85758,0.129042759
Wyoming,2018,58352,248.1315,61882.40439,0.107346672
Wyoming,2019,58861,253.2578333,61158.67721,0.09439603
Wyoming,2020,59786,257.27275,61150.36358,0.094247263
Wyoming,2021,60357,263.1439167,60357,0.080050521
