Year,State,Total Salary - Per Pupil Percent Change,Total Benefits - Per Pupil Percent Change,Total Salary,Total Benefits
2003,Alabama,0.02146895025836093,-0.0023015225409542817,0.02146895025836093,-0.0023015225409542817
2004,Alabama,-0.002732056966387786,0.08475935872024132,-0.002732056966387786,0.08475935872024132
2005,Alabama,-4.3312542066376025e-4,0.22664813992583466,-4.3312542066376025e-4,0.22664813992583466
2006,Alabama,0.02720168917849941,0.3501356907348858,0.02720168917849941,0.3501356907348858
2007,Alabama,0.09944110500342496,0.4881507008032282,0.09944110500342496,0.4881507008032282
2008,Alabama,0.12375796750784307,0.6400660675322132,0.12375796750784307,0.6400660675322132
2009,Alabama,0.09855637589470057,0.5837646425649798,0.09855637589470057,0.5837646425649798
2010,Alabama,0.09200761337609031,0.5599955385272788,0.09200761337609031,0.5599955385272788
2011,Alabama,0.061723189136912104,0.5103670439857537,0.061723189136912104,0.5103670439857537
2012,Alabama,0.01332822639946607,0.3111485329759063,0.01332822639946607,0.3111485329759063
2013,Alabama,0.006283357655767485,0.2919409411824738,0.006283357655767485,0.2919409411824738
2014,Alabama,0.00771310775853018,0.3392539800993819,0.00771310775853018,0.3392539800993819
2015,Alabama,0.0023305567765310453,0.3901399276534092,0.0023305567765310453,0.3901399276534092
2016,Alabama,-0.0010206886406999294,0.38885189634736594,-0.0010206886406999294,0.38885189634736594
2017,Alabama,0.01749814978125075,0.41177733400837613,0.01749814978125075,0.41177733400837613
2018,Alabama,0.007650302096025463,0.39976794677254923,0.007650302096025463,0.39976794677254923
2019,Alabama,0.02651527835265477,0.40926056722840265,0.02651527835265477,0.40926056722840265
2020,Alabama,0.03984921885032233,0.4071259564215868,0.03984921885032233,0.4071259564215868
2003,Alaska,0.010655581220318178,0.013141974431028602,0.010655581220318178,0.013141974431028602
2004,Alaska,-0.007841321729891049,0.055134781796954746,-0.007841321729891049,0.055134781796954746
2005,Alaska,-0.013524101456718784,0.2397190946013974,-0.013524101456718784,0.2397190946013974
2006,Alaska,-0.01058444265204539,0.4267773709807432,-0.01058444265204539,0.4267773709807432
2007,Alaska,-0.012788313446353339,0.6343025534922615,-0.012788313446353339,0.6343025534922615
2008,Alaska,0.0018125319777728688,1.4344485961373294,0.0018125319777728688,1.4344485961373294
2009,Alaska,0.05257883430668775,1.512118910392604,0.05257883430668775,1.512118910392604
2010,Alaska,0.11001518682072309,1.9049891717298895,0.11001518682072309,1.9049891717298895
2011,Alaska,0.1225890206525917,2.241471730660472,0.1225890206525917,2.241471730660472
2012,Alaska,0.10904047582781429,2.5029845965097457,0.10904047582781429,2.5029845965097457
2013,Alaska,0.09668621536869604,1.8714272890351094,0.09668621536869604,1.8714272890351094
2014,Alaska,0.08542932630059386,1.931434776450133,0.08542932630059386,1.931434776450133
2015,Alaska,0.08451076617487097,2.567667929151652,0.08451076617487097,2.567667929151652
2016,Alaska,0.08855391959504377,1.2825571596788752,0.08855391959504377,1.2825571596788752
2017,Alaska,0.09097516857652121,1.2134755001660773,0.09097516857652121,1.2134755001660773
2018,Alaska,0.052213828967091924,1.162444073553119,0.052213828967091924,1.162444073553119
2019,Alaska,0.06636003871181329,1.1921443540700372,0.06636003871181329,1.1921443540700372
2020,Alaska,0.03953470857355623,1.2419000273606908,0.03953470857355623,1.2419000273606908
2003,Arizona,-0.006181276345325504,0.022882484808925296,-0.006181276345325504,0.022882484808925296
2004,Arizona,0.00997341826489384,0.2543877693139256,0.00997341826489384,0.2543877693139256
2005,Arizona,0.009380768255674576,0.2669935369867511,0.009380768255674576,0.2669935369867511
2006,Arizona,-0.007282458747957965,0.33351080166808167,-0.007282458747957965,0.33351080166808167
2007,Arizona,0.05499298847913048,0.5249805488537935,0.05499298847913048,0.5249805488537935
2008,Arizona,0.06371363548431686,0.5754768542329332,0.06371363548431686,0.5754768542329332
2009,Arizona,0.0699469637017045,0.6163307706917491,0.0699469637017045,0.6163307706917491
2010,Arizona,0.08975671497818927,0.4595545487700279,0.08975671497818927,0.4595545487700279
2011,Arizona,0.07519293699899388,0.3169866170127389,0.07519293699899388,0.3169866170127389
2012,Arizona,0.051891578689628126,0.2907366145861525,0.051891578689628126,0.2907366145861525
2013,Arizona,-0.07398954509588906,0.3811212327770077,-0.07398954509588906,0.3811212327770077
2014,Arizona,-0.0618101328139562,0.5811236155022872,-0.0618101328139562,0.5811236155022872
2015,Arizona,-0.09034250104024066,0.5077981777911889,-0.09034250104024066,0.5077981777911889
2016,Arizona,-0.08202730720260787,0.5348429120193023,-0.08202730720260787,0.5348429120193023
2017,Arizona,-0.056498820920723,0.576100470268903,-0.056498820920723,0.576100470268903
2018,Arizona,-0.05034700889888566,0.6100031127542853,-0.05034700889888566,0.6100031127542853
2019,Arizona,-0.018620361935626772,0.670143356263309,-0.018620361935626772,0.670143356263309
2020,Arizona,0.006230828990140491,0.6787915785411862,0.006230828990140491,0.6787915785411862
2003,Arkansas,0.019014673235398405,0.009296447064003566,0.019014673235398405,0.009296447064003566
2004,Arkansas,0.037937909875232156,0.05594629527452133,0.037937909875232156,0.05594629527452133
2005,Arkansas,0.10758166727032159,0.18682939100449847,0.10758166727032159,0.18682939100449847
2006,Arkansas,0.10360565685493706,0.26615991302026876,0.10360565685493706,0.26615991302026876
2007,Arkansas,0.12134795828225764,0.29558312271010445,0.12134795828225764,0.29558312271010445
2008,Arkansas,0.1105794488057299,0.30055212258726516,0.1105794488057299,0.30055212258726516
2009,Arkansas,0.11522686867300735,0.30049214645956046,0.11522686867300735,0.30049214645956046
2010,Arkansas,0.13044871819292303,0.3877819939706064,0.13044871819292303,0.3877819939706064
2011,Arkansas,0.1349139403015418,0.39524947793806464,0.1349139403015418,0.39524947793806464
2012,Arkansas,0.09822881923392468,0.3515248693088524,0.09822881923392468,0.3515248693088524
2013,Arkansas,0.08230647533662916,0.32907267448854416,0.08230647533662916,0.32907267448854416
2014,Arkansas,0.071088124235968,0.3946625650143911,0.071088124235968,0.3946625650143911
2015,Arkansas,0.07284485904494531,0.3615101804612102,0.07284485904494531,0.3615101804612102
2016,Arkansas,0.07051186662129805,0.3609451452479333,0.07051186662129805,0.3609451452479333
2017,Arkansas,0.06261273023709113,0.3436639776792578,0.06261273023709113,0.3436639776792578
2018,Arkansas,0.05975362299554421,0.33833501024338464,0.05975362299554421,0.33833501024338464
2019,Arkansas,0.058463261748204376,0.33601067827674136,0.058463261748204376,0.33601067827674136
2020,Arkansas,0.0586010143475868,0.347170025712054,0.0586010143475868,0.347170025712054
2003,California,0.006422332862269675,0.11967849430742494,0.006422332862269675,0.11967849430742494
2004,California,-0.032606036223276846,0.16321294872389314,-0.032606036223276846,0.16321294872389314
2005,California,-0.043552874666125674,0.26817286226212644,-0.043552874666125674,0.26817286226212644
2006,California,-0.03636134528077006,0.2663422812937002,-0.03636134528077006,0.2663422812937002
2007,California,0.015295210468696308,0.2855725265025717,0.015295210468696308,0.2855725265025717
2008,California,0.03866743093523084,0.37155909398615816,0.03866743093523084,0.37155909398615816
2009,California,0.02345178731536013,0.32229338993819967,0.02345178731536013,0.32229338993819967
2010,California,-0.02838482354030558,0.3346353123590746,-0.02838482354030558,0.3346353123590746
2011,California,-0.08566236193038823,0.3105130641085536,-0.08566236193038823,0.3105130641085536
2012,California,-0.11744272810739387,0.3188367944846582,-0.11744272810739387,0.3188367944846582
2013,California,-0.1324291857208697,0.2943894392909978,-0.1324291857208697,0.2943894392909978
2014,California,-0.11133070986363502,0.28821113063218085,-0.11133070986363502,0.28821113063218085
2015,California,-0.054905275970498435,0.45710060829854005,-0.054905275970498435,0.45710060829854005
2016,California,0.009249361217305685,0.6818401512351631,0.009249361217305685,0.6818401512351631
2017,California,0.03236519723198383,0.8528578616714715,0.03236519723198383,0.8528578616714715
2018,California,0.024965977109402404,0.7684731094843389,0.024965977109402404,0.7684731094843389
2019,California,0.11114101480355743,1.3053338378244836,0.11114101480355743,1.3053338378244836
2020,California,0.12164839710477948,1.1949401951067942,0.12164839710477948,1.1949401951067942
2003,Colorado,0.042606309601396664,0.07595522008096456,0.042606309601396664,0.07595522008096456
2004,Colorado,0.025271152179112466,0.12569490209814638,0.025271152179112466,0.12569490209814638
2005,Colorado,0.015680351008747095,0.17331575079332584,0.015680351008747095,0.17331575079332584
2006,Colorado,-0.0017929628974717726,0.22240458612410574,-0.0017929628974717726,0.22240458612410574
2007,Colorado,0.00967754310946134,0.2703381748963296,0.00967754310946134,0.2703381748963296
2008,Colorado,0.01728682120528746,0.843732268794678,0.01728682120528746,0.843732268794678
2009,Colorado,0.03790017424782266,0.3099533963877794,0.03790017424782266,0.3099533963877794
2010,Colorado,0.04324128969877217,0.34183027310530534,0.04324128969877217,0.34183027310530534
2011,Colorado,-0.006872901527236408,0.3397662642029704,-0.006872901527236408,0.3397662642029704
2012,Colorado,-0.05582323121898958,0.31282648156884574,-0.05582323121898958,0.31282648156884574
2013,Colorado,-0.06417961714622533,0.3486142796591205,-0.06417961714622533,0.3486142796591205
2014,Colorado,-0.04966031111454994,0.39504821157351966,-0.04966031111454994,0.39504821157351966
2015,Colorado,-0.029706267477937698,0.44554824550544714,-0.029706267477937698,0.44554824550544714
2016,Colorado,-0.006865037908214133,0.5867633043931544,-0.006865037908214133,0.5867633043931544
2017,Colorado,-9.80703780461445e-4,0.5690537053867428,-9.80703780461445e-4,0.5690537053867428
2018,Colorado,-0.004722193657358931,0.6739240336848782,-0.004722193657358931,0.6739240336848782
2019,Colorado,0.050070033880716514,0.9595950953744192,0.050070033880716514,0.9595950953744192
2020,Colorado,0.09668924205886498,1.0546746112050598,0.09668924205886498,1.0546746112050598
2003,Connecticut,-0.003150423754602949,0.005376045243982386,-0.003150423754602949,0.005376045243982386
2004,Connecticut,0.002526229577048955,0.0689065856646156,0.002526229577048955,0.0689065856646156
2005,Connecticut,0.022625512778784218,0.27573964056135436,0.022625512778784218,0.27573964056135436
2006,Connecticut,0.03085262238911879,0.3762419957371512,0.03085262238911879,0.3762419957371512
2007,Connecticut,0.039852666732117736,0.372369139615931,0.039852666732117736,0.372369139615931
2008,Connecticut,0.05138963276113584,0.4902306626919495,0.05138963276113584,0.4902306626919495
2009,Connecticut,0.07690934463012411,0.5590005749052234,0.07690934463012411,0.5590005749052234
2010,Connecticut,0.09987078878957356,0.5928740580376768,0.09987078878957356,0.5928740580376768
2011,Connecticut,0.11711733441117267,0.69302171460554,0.11711733441117267,0.69302171460554
2012,Connecticut,0.10355922083280222,0.846991276912719,0.10355922083280222,0.846991276912719
2013,Connecticut,0.11594394573306044,0.8197742890999526,0.11594394573306044,0.8197742890999526
2014,Connecticut,0.13477680808155879,1.056612708891317,0.13477680808155879,1.056612708891317
2015,Connecticut,0.1665310581558308,1.1444290847474945,0.1665310581558308,1.1444290847474945
2016,Connecticut,0.19824267045919464,1.182642040221341,0.19824267045919464,1.182642040221341
2017,Connecticut,0.20323409359669942,1.1910850487375502,0.20323409359669942,1.1910850487375502
2018,Connecticut,0.2193969384444272,1.4341702807950214,0.2193969384444272,1.4341702807950214
2019,Connecticut,0.23130693750004516,1.4523522945881475,0.23130693750004516,1.4523522945881475
2020,Connecticut,0.23820391085614023,1.3942549162331224,0.23820391085614023,1.3942549162331224
2003,Delaware,0.013785807425092944,0.0828266269189375,0.013785807425092944,0.0828266269189375
2004,Delaware,0.02672470362622459,0.18129871519668384,0.02672470362622459,0.18129871519668384
2005,Delaware,0.03638494369846357,0.29960537672483345,0.03638494369846357,0.29960537672483345
2006,Delaware,0.04343289208117751,0.3991921725756933,0.04343289208117751,0.3991921725756933
2007,Delaware,0.03952574678425358,0.4402670796702577,0.03952574678425358,0.4402670796702577
2008,Delaware,0.045718016015579455,0.419894266378797,0.045718016015579455,0.419894266378797
2009,Delaware,0.02390000650609969,0.39706499341111723,0.02390000650609969,0.39706499341111723
2010,Delaware,0.017789491744349517,0.38995070495576223,0.017789491744349517,0.38995070495576223
2011,Delaware,0.029473971703736668,0.39827526677624037,0.029473971703736668,0.39827526677624037
2012,Delaware,0.06384514431649779,0.5692779367977086,0.06384514431649779,0.5692779367977086
2013,Delaware,0.04628514208454049,0.5993413495302358,0.04628514208454049,0.5993413495302358
2014,Delaware,0.022859447316389225,0.6012765946834304,0.022859447316389225,0.6012765946834304
2015,Delaware,0.03342586463832076,0.5995553833817053,0.03342586463832076,0.5995553833817053
2016,Delaware,0.051752022779362195,0.7058637334288045,0.051752022779362195,0.7058637334288045
2017,Delaware,0.06885843266831171,0.823062312361077,0.06885843266831171,0.823062312361077
2018,Delaware,0.06849066818408933,0.7965712866156611,0.06849066818408933,0.7965712866156611
2019,Delaware,0.08685941073913406,0.8557666586256196,0.08685941073913406,0.8557666586256196
2020,Delaware,0.12069940210341179,0.9131049999168432,0.12069940210341179,0.9131049999168432
2003,Florida,0.006275119919822325,0.0016550494974403307,0.006275119919822325,0.0016550494974403307
2004,Florida,0.013874357889719802,0.09759899684451057,0.013874357889719802,0.09759899684451057
2005,Florida,0.03483551588315037,0.12532586965389725,0.03483551588315037,0.12532586965389725
2006,Florida,0.065625141647772,0.16317508066941433,0.065625141647772,0.16317508066941433
2007,Florida,0.12330778957685617,0.28983078470162194,0.12330778957685617,0.28983078470162194
2008,Florida,0.14445160737071494,0.32684516475892167,0.14445160737071494,0.32684516475892167
2009,Florida,0.10121536171791878,0.3053224573749509,0.10121536171791878,0.3053224573749509
2010,Florida,0.06305215037342582,0.29125953375564717,0.06305215037342582,0.29125953375564717
2011,Florida,0.043016100067452046,0.3267715933680022,0.043016100067452046,0.3267715933680022
2012,Florida,-0.02289513602551385,0.0420785228498175,-0.02289513602551385,0.0420785228498175
2013,Florida,-0.043007290605491355,0.03972411943590659,-0.043007290605491355,0.03972411943590659
2014,Florida,-0.039664979113090304,0.12223679561288714,-0.039664979113090304,0.12223679561288714
2015,Florida,-0.04247771106081688,0.12065905657556852,-0.04247771106081688,0.12065905657556852
2016,Florida,-0.045046161501589355,0.13268471543030858,-0.045046161501589355,0.13268471543030858
2017,Florida,-0.05654653324436021,0.13991282205136746,-0.05654653324436021,0.13991282205136746
2018,Florida,-0.05528933804680258,0.1417511811460812,-0.05528933804680258,0.1417511811460812
2019,Florida,-0.06348375709445664,0.14577179805256635,-0.06348375709445664,0.14577179805256635
2020,Florida,-0.038502835132243174,0.18222509873332182,-0.038502835132243174,0.18222509873332182
2003,Georgia,0.0404181350812014,-0.013159791232346563,0.0404181350812014,-0.013159791232346563
2004,Georgia,0.018778874058628547,-0.047205118151334546,0.018778874058628547,-0.047205118151334546
2005,Georgia,0.00881624147697968,-0.0723475529780162,0.00881624147697968,-0.0723475529780162
2006,Georgia,0.01849320540213739,0.013620853037048297,0.01849320540213739,0.013620853037048297
2007,Georgia,0.039572910789170024,0.14838689510422376,0.039572910789170024,0.14838689510422376
2008,Georgia,0.05423867553546402,0.16031285174445897,0.05423867553546402,0.16031285174445897
2009,Georgia,0.07647518247743701,-0.024080800257076707,0.07647518247743701,-0.024080800257076707
2010,Georgia,0.023138625377797872,0.034082337132967044,0.023138625377797872,0.034082337132967044
2011,Georgia,-0.030477649416892905,0.01573470231365981,-0.030477649416892905,0.01573470231365981
2012,Georgia,-0.06536874148800853,0.010216512342070327,-0.06536874148800853,0.010216512342070327
2013,Georgia,-0.10840257057466196,0.006815416223915349,-0.10840257057466196,0.006815416223915349
2014,Georgia,-0.13192959993615405,0.04202609197625007,-0.13192959993615405,0.04202609197625007
2015,Georgia,-0.11871080225616626,0.07093718061139676,-0.11871080225616626,0.07093718061139676
2016,Georgia,-0.09707892971333887,0.13924407523782012,-0.09707892971333887,0.13924407523782012
2017,Georgia,-0.06610686490121442,0.1927544515862636,-0.06610686490121442,0.1927544515862636
2018,Georgia,-0.06390183941926808,0.2914690729033782,-0.06390183941926808,0.2914690729033782
2019,Georgia,-0.06185579171138034,0.3576099406241937,-0.06185579171138034,0.3576099406241937
2020,Georgia,-0.027475942132212605,0.43709292074750605,-0.027475942132212605,0.43709292074750605
2003,Hawaii,0.022625631404217916,0.49723496563042624,0.022625631404217916,0.49723496563042624
2004,Hawaii,0.021982328076871838,0.5261658505267941,0.021982328076871838,0.5261658505267941
2005,Hawaii,0.0348170449968519,0.6872473585700778,0.0348170449968519,0.6872473585700778
2006,Hawaii,0.05138967365545666,0.948777738138773,0.05138967365545666,0.948777738138773
2007,Hawaii,0.12646934603434712,1.1024228626985066,0.12646934603434712,1.1024228626985066
2008,Hawaii,0.13192191653656327,1.0644423092824224,0.13192191653656327,1.0644423092824224
2009,Hawaii,0.16989302381054872,1.3930995158306878,0.16989302381054872,1.3930995158306878
2010,Hawaii,0.06504138542613025,1.239166817870502,0.06504138542613025,1.239166817870502
2011,Hawaii,0.0740088244973689,0.9128360512562688,0.0740088244973689,0.9128360512562688
2012,Hawaii,0.01249803052462961,0.8968043626602671,0.01249803052462961,0.8968043626602671
2013,Hawaii,-0.007370562931383606,0.9536867870116377,-0.007370562931383606,0.9536867870116377
2014,Hawaii,0.030572955079926745,1.0329139349572847,0.030572955079926745,1.0329139349572847
2015,Hawaii,0.07777477802865662,1.188329169330661,0.07777477802865662,1.188329169330661
2016,Hawaii,0.13169335160127016,1.4200562191202115,0.13169335160127016,1.4200562191202115
2017,Hawaii,0.13120248469066387,1.6564583067551704,0.13120248469066387,1.6564583067551704
2018,Hawaii,0.15388027192226827,2.0137466947528084,0.15388027192226827,2.0137466947528084
2019,Hawaii,0.17163889829321466,2.3399152825888803,0.17163889829321466,2.3399152825888803
2020,Hawaii,0.18968840811405419,2.601670003271423,0.18968840811405419,2.601670003271423
2003,Idaho,-0.009497132188962643,0.002900914866170279,-0.009497132188962643,0.002900914866170279
2004,Idaho,-0.036745624484700645,0.013224268786404147,-0.036745624484700645,0.013224268786404147
2005,Idaho,-0.03117872936351962,0.04947780745384356,-0.03117872936351962,0.04947780745384356
2006,Idaho,-0.047326834291873676,0.03643110980705555,-0.047326834291873676,0.03643110980705555
2007,Idaho,-0.0497442008750022,0.025304787026731113,-0.0497442008750022,0.025304787026731113
2008,Idaho,-0.05225380658834733,0.041803351290442325,-0.05225380658834733,0.041803351290442325
2009,Idaho,-0.03844507300424971,0.06346009450158063,-0.03844507300424971,0.06346009450158063
2010,Idaho,-0.0457926801212325,0.07735286062348123,-0.0457926801212325,0.07735286062348123
2011,Idaho,-0.09710807328226623,0.017600292395771877,-0.09710807328226623,0.017600292395771877
2012,Idaho,-0.1574783677647238,-0.031050080703539318,-0.1574783677647238,-0.031050080703539318
2013,Idaho,-0.15022260407049537,-0.03456666615165649,-0.15022260407049537,-0.03456666615165649
2014,Idaho,-0.1980507272103167,-0.051975677292250055,-0.1980507272103167,-0.051975677292250055
2015,Idaho,-0.17735527675290552,-0.016440275792021564,-0.17735527675290552,-0.016440275792021564
2016,Idaho,-0.1574627295893225,0.009733050325187786,-0.1574627295893225,0.009733050325187786
2017,Idaho,-0.13923994453311983,0.03325369529131228,-0.13923994453311983,0.03325369529131228
2018,Idaho,-0.12293015856976364,0.04341481006111625,-0.12293015856976364,0.04341481006111625
2019,Idaho,-0.11883290913555455,0.05086505173387512,-0.11883290913555455,0.05086505173387512
2020,Idaho,-0.09071506408052443,0.0894985281731413,-0.09071506408052443,0.0894985281731413
2003,Illinois,0.014946295336885296,0.06263128979710064,0.014946295336885296,0.06263128979710064
2004,Illinois,0.013888660625654081,0.17087908811332286,0.013888660625654081,0.17087908811332286
2005,Illinois,0.015865805649299736,0.09651046423964149,0.015865805649299736,0.09651046423964149
2006,Illinois,0.005694718581158664,0.03317684928673281,0.005694718581158664,0.03317684928673281
2007,Illinois,0.015237006213331572,0.05169317620044245,0.015237006213331572,0.05169317620044245
2008,Illinois,0.017370814225299958,0.1702800418453705,0.017370814225299958,0.1702800418453705
2009,Illinois,0.04682495011060395,1.3583479506117122,0.04682495011060395,1.3583479506117122
2010,Illinois,0.08389785873999189,0.6540403710372888,0.08389785873999189,0.6540403710372888
2011,Illinois,0.0602664798179986,0.6230106847021983,0.0602664798179986,0.6230106847021983
2012,Illinois,0.0435145155074228,0.6843357011046352,0.0435145155074228,0.6843357011046352
2013,Illinois,0.04072341312482375,0.7330445004691222,0.04072341312482375,0.7330445004691222
2014,Illinois,0.03774599416733193,1.0133024576046994,0.03774599416733193,1.0133024576046994
2015,Illinois,0.05522784924869906,1.2703791213445506,0.05522784924869906,1.2703791213445506
2016,Illinois,0.06605226250240248,1.408557438046079,0.06605226250240248,1.408557438046079
2017,Illinois,0.06405484764792724,1.9057121896247748,0.06405484764792724,1.9057121896247748
2018,Illinois,0.0797636784863438,1.8507132269815902,0.0797636784863438,1.8507132269815902
2019,Illinois,0.11415542311065408,1.7050208919293106,0.11415542311065408,1.7050208919293106
2020,Illinois,0.15018464975711843,1.9949121699978876,0.15018464975711843,1.9949121699978876
2003,Indiana,-0.005954840759917701,0.07955185857806701,-0.005954840759917701,0.07955185857806701
2004,Indiana,-0.006775439470150357,0.1606025042841226,-0.006775439470150357,0.1606025042841226
2005,Indiana,-0.010836874497852311,0.25264755439663533,-0.010836874497852311,0.25264755439663533
2006,Indiana,-0.04033949501528156,0.17110140980169275,-0.04033949501528156,0.17110140980169275
2007,Indiana,-0.046660564413908756,0.18474527345913394,-0.046660564413908756,0.18474527345913394
2008,Indiana,-0.054404835653555694,0.14012599203375942,-0.054404835653555694,0.14012599203375942
2009,Indiana,-0.03403611834636322,0.1406070921464846,-0.03403611834636322,0.1406070921464846
2010,Indiana,-0.02096150940616026,0.18678551025094836,-0.02096150940616026,0.18678551025094836
2011,Indiana,-0.07575979700014424,0.1636660792167841,-0.07575979700014424,0.1636660792167841
2012,Indiana,-0.09851082639347453,0.2235566733119987,-0.09851082639347453,0.2235566733119987
2013,Indiana,-0.12146313588401825,0.17466226459979084,-0.12146313588401825,0.17466226459979084
2014,Indiana,-0.1383487511552408,0.14765329613244127,-0.1383487511552408,0.14765329613244127
2015,Indiana,-0.13858844078343668,0.16480637088268835,-0.13858844078343668,0.16480637088268835
2016,Indiana,-0.12859213257248703,0.17281234037792403,-0.12859213257248703,0.17281234037792403
2017,Indiana,-0.12325924928238152,0.14886728390106474,-0.12325924928238152,0.14886728390106474
2018,Indiana,-0.13264675187742214,0.17077168023177647,-0.13264675187742214,0.17077168023177647
2019,Indiana,-0.13827031329717143,0.1665737339447262,-0.13827031329717143,0.1665737339447262
2020,Indiana,-0.12208169560786741,0.20621244766408275,-0.12208169560786741,0.20621244766408275
2003,Iowa,-0.007327631830311265,0.055106708164713636,-0.007327631830311265,0.055106708164713636
2004,Iowa,-0.0050831932855902595,0.11107451477486485,-0.0050831932855902595,0.11107451477486485
2005,Iowa,0.0018964061683799383,0.14456763567258712,0.0018964061683799383,0.14456763567258712
2006,Iowa,-0.02807049649084936,0.099129084369312,-0.02807049649084936,0.099129084369312
2007,Iowa,-0.0044526866923069175,0.13462972459675449,-0.0044526866923069175,0.13462972459675449
2008,Iowa,0.015285203459865615,0.15883339693141507,0.015285203459865615,0.15883339693141507
2009,Iowa,0.05451435466847432,0.19506217945881965,0.05451435466847432,0.19506217945881965
2010,Iowa,0.04994458442377847,0.21371125766965005,0.04994458442377847,0.21371125766965005
2011,Iowa,0.017349041648375252,0.22092273007608765,0.017349041648375252,0.22092273007608765
2012,Iowa,0.0020671960236682274,0.24346173774898539,0.0020671960236682274,0.24346173774898539
2013,Iowa,0.010142376249597351,0.26048356068136735,0.010142376249597351,0.26048356068136735
2014,Iowa,0.020056119672338557,0.28686556709810174,0.020056119672338557,0.28686556709810174
2015,Iowa,0.05206134998780132,0.3105297474685951,0.05206134998780132,0.3105297474685951
2016,Iowa,0.07309911450057971,0.3266254379010167,0.07309911450057971,0.3266254379010167
2017,Iowa,0.0839438770959311,0.34463304239038783,0.0839438770959311,0.34463304239038783
2018,Iowa,0.07971686190173277,0.35766215233552834,0.07971686190173277,0.35766215233552834
2019,Iowa,0.07017763971460012,0.36042511988071557,0.07017763971460012,0.36042511988071557
2020,Iowa,0.0675609110824984,0.3558172567884985,0.0675609110824984,0.3558172567884985
2003,Kansas,-0.0010117844374571971,0.025442017546024376,-0.0010117844374571971,0.025442017546024376
2004,Kansas,-0.013230500772789089,0.0986510513318104,-0.013230500772789089,0.0986510513318104
2005,Kansas,-0.013076942311258333,0.06701793048832982,-0.013076942311258333,0.06701793048832982
2006,Kansas,0.029080879195248377,0.1545817620261163,0.029080879195248377,0.1545817620261163
2007,Kansas,0.07319838521948041,0.2537957688316477,0.07319838521948041,0.2537957688316477
2008,Kansas,0.09482009199192265,0.3303443857971493,0.09482009199192265,0.3303443857971493
2009,Kansas,0.11953344016012801,0.4088173566571742,0.11953344016012801,0.4088173566571742
2010,Kansas,0.08734719001200042,0.4027868792708835,0.08734719001200042,0.4027868792708835
2011,Kansas,0.017557183071581717,0.3494248950093519,0.017557183071581717,0.3494248950093519
2012,Kansas,-0.016352923625219562,0.5122268614040135,-0.016352923625219562,0.5122268614040135
2013,Kansas,-0.017475699935891265,0.4311843714775261,-0.017475699935891265,0.4311843714775261
2014,Kansas,-0.027828175822817824,0.4678928775093627,-0.027828175822817824,0.4678928775093627
2015,Kansas,-0.016031004327737408,0.4591379453883033,-0.016031004327737408,0.4591379453883033
2016,Kansas,-0.027180640891789953,0.39501286777219313,-0.027180640891789953,0.39501286777219313
2017,Kansas,0.06060535654474175,0.49363169385495564,0.06060535654474175,0.49363169385495564
2018,Kansas,0.0830849245648142,0.7194956700277022,0.0830849245648142,0.7194956700277022
2019,Kansas,0.11302270896557465,0.5397408419318013,0.11302270896557465,0.5397408419318013
2020,Kansas,0.1388814025397327,0.922777002229674,0.1388814025397327,0.922777002229674
2003,Kentucky,-6.023395272625187e-5,-0.0031923464717513728,-6.023395272625187e-5,-0.0031923464717513728
2004,Kentucky,0.01799986768088946,0.09232051021497822,0.01799986768088946,0.09232051021497822
2005,Kentucky,0.006948692119052247,0.14322874186562173,0.006948692119052247,0.14322874186562173
2006,Kentucky,0.01663598577191805,0.2908403720413284,0.01663598577191805,0.2908403720413284
2007,Kentucky,0.08485624778375422,0.34632791065413104,0.08485624778375422,0.34632791065413104
2008,Kentucky,0.09291902667874674,0.3709066300425945,0.09291902667874674,0.3709066300425945
2009,Kentucky,0.08130078608301061,0.39221522023637134,0.08130078608301061,0.39221522023637134
2010,Kentucky,0.08001129787901218,0.4597244601623922,0.08001129787901218,0.4597244601623922
2011,Kentucky,0.08761725545790067,0.5091412911063693,0.08761725545790067,0.5091412911063693
2012,Kentucky,0.055982342796011775,0.5054425736189583,0.055982342796011775,0.5054425736189583
2013,Kentucky,0.030820922639531068,0.4952310741300696,0.030820922639531068,0.4952310741300696
2014,Kentucky,0.006764483683000977,0.48198962455123007,0.006764483683000977,0.48198962455123007
2015,Kentucky,0.01090356925566116,0.5893861965462859,0.01090356925566116,0.5893861965462859
2016,Kentucky,0.02824428270843704,0.6384883347677985,0.02824428270843704,0.6384883347677985
2017,Kentucky,0.024391287064082556,0.6766982264449106,0.024391287064082556,0.6766982264449106
2018,Kentucky,0.02148277750496641,1.176852956388906,0.02148277750496641,1.176852956388906
2019,Kentucky,0.01829313767892593,1.1590126295555851,0.01829313767892593,1.1590126295555851
2020,Kentucky,8.28710778022046e-4,1.1957615816539682,8.28710778022046e-4,1.1957615816539682
2003,Louisiana,0.0171350572807758,0.07170466970752942,0.0171350572807758,0.07170466970752942
2004,Louisiana,0.024066574642223726,0.1760260942027092,0.024066574642223726,0.1760260942027092
2005,Louisiana,0.027279425494930454,0.295102741121128,0.027279425494930454,0.295102741121128
2006,Louisiana,0.021989946445972075,0.44821384653528007,0.021989946445972075,0.44821384653528007
2007,Louisiana,0.06436956628121293,0.49238318299965633,0.06436956628121293,0.49238318299965633
2008,Louisiana,0.1651671504711476,0.550219964717849,0.1651671504711476,0.550219964717849
2009,Louisiana,0.22576994036791564,0.5862951958599658,0.22576994036791564,0.5862951958599658
2010,Louisiana,0.21991707459521392,0.658190244208525,0.21991707459521392,0.658190244208525
2011,Louisiana,0.17079950264439514,0.828641844190855,0.17079950264439514,0.828641844190855
2012,Louisiana,0.18064631815798293,1.0362112508373973,0.18064631815798293,1.0362112508373973
2013,Louisiana,0.04887161228056902,0.8626946869117609,0.04887161228056902,0.8626946869117609
2014,Louisiana,0.045368331126591555,0.9428469236408685,0.045368331126591555,0.9428469236408685
2015,Louisiana,0.04743625843952892,1.0260473396102427,0.04743625843952892,1.0260473396102427
2016,Louisiana,0.05060291839604636,1.013216452405318,0.05060291839604636,1.013216452405318
2017,Louisiana,0.037270474767545414,0.9812408638404364,0.037270474767545414,0.9812408638404364
2018,Louisiana,0.03031708253867782,1.0219234574142222,0.03031708253867782,1.0219234574142222
2019,Louisiana,0.028341021565340352,1.005164924728669,0.028341021565340352,1.005164924728669
2020,Louisiana,0.03787648578366021,0.9841531008810773,0.03787648578366021,0.9841531008810773
2003,Maine,0.017107098753520678,0.21077845720511768,0.017107098753520678,0.21077845720511768
2004,Maine,0.08467744926215448,0.05036404013913254,0.08467744926215448,0.05036404013913254
2005,Maine,0.10405852534395055,0.10664002556191887,0.10405852534395055,0.10664002556191887
2006,Maine,0.12031463295209077,0.06641749678673237,0.12031463295209077,0.06641749678673237
2007,Maine,0.1331073843279491,0.21547616062694175,0.1331073843279491,0.21547616062694175
2008,Maine,0.09957615155581712,0.17971758025943574,0.09957615155581712,0.17971758025943574
2009,Maine,0.15549383313596787,0.2551978992471331,0.15549383313596787,0.2551978992471331
2010,Maine,0.16114877845228048,0.24629707610999518,0.16114877845228048,0.24629707610999518
2011,Maine,0.14802288381530415,0.267577596163183,0.14802288381530415,0.267577596163183
2012,Maine,0.1040498707207611,0.13728234746997825,0.1040498707207611,0.13728234746997825
2013,Maine,0.09753156267853824,0.1550249243938957,0.09753156267853824,0.1550249243938957
2014,Maine,0.11164433962810594,0.23677209221222917,0.11164433962810594,0.23677209221222917
2015,Maine,0.14506046743753176,0.3027772648408005,0.14506046743753176,0.3027772648408005
2016,Maine,0.16005759694344457,0.24571402725662916,0.16005759694344457,0.24571402725662916
2017,Maine,0.1810914055292041,0.22238108033899118,0.1810914055292041,0.22238108033899118
2018,Maine,0.18100234385133263,0.26626276526243364,0.18100234385133263,0.26626276526243364
2019,Maine,0.2044680703573849,0.3029117676559705,0.2044680703573849,0.3029117676559705
2020,Maine,0.21723960424816946,0.3408278310357127,0.21723960424816946,0.3408278310357127
2003,Maryland,0.023096445104930252,0.07340791545012348,0.023096445104930252,0.07340791545012348
2004,Maryland,0.022267697292050803,0.1340756139812198,0.022267697292050803,0.1340756139812198
2005,Maryland,0.03788555272177074,0.20697142218068332,0.03788555272177074,0.20697142218068332
2006,Maryland,0.07079049149684269,0.27322526864284535,0.07079049149684269,0.27322526864284535
2007,Maryland,0.1463125773612972,0.3644888815987499,0.1463125773612972,0.3644888815987499
2008,Maryland,0.21774348860389892,0.5034664048699309,0.21774348860389892,0.5034664048699309
2009,Maryland,0.24518263994515488,0.5852442062370788,0.24518263994515488,0.5852442062370788
2010,Maryland,0.23729021032375064,0.6753798025535218,0.23729021032375064,0.6753798025535218
2011,Maryland,0.19789409469828323,0.7437267187182071,0.19789409469828323,0.7437267187182071
2012,Maryland,0.14165192153294726,0.7390531542713994,0.14165192153294726,0.7390531542713994
2013,Maryland,0.12871080872796892,0.7460333175527227,0.12871080872796892,0.7460333175527227
2014,Maryland,0.12598558933965065,0.7443463340539704,0.12598558933965065,0.7443463340539704
2015,Maryland,0.13819109805196295,0.731266496646114,0.13819109805196295,0.731266496646114
2016,Maryland,0.2890856557039334,0.7249249789581005,0.2890856557039334,0.7249249789581005
2017,Maryland,0.31142342421845615,0.7399379399178001,0.31142342421845615,0.7399379399178001
2018,Maryland,0.34654495807312924,0.6973706472163208,0.34654495807312924,0.6973706472163208
2019,Maryland,0.14347495097870389,0.6902262023932324,0.14347495097870389,0.6902262023932324
2020,Maryland,0.1548875218323591,0.7119738324658065,0.1548875218323591,0.7119738324658065
2003,Massachusetts,-0.004497370169675885,0.10219759247765636,-0.004497370169675885,0.10219759247765636
2004,Massachusetts,-0.0020340890999032135,0.26289873416287235,-0.0020340890999032135,0.26289873416287235
2005,Massachusetts,0.010501692887902037,0.34950038013811113,0.010501692887902037,0.34950038013811113
2006,Massachusetts,0.01711004724112919,0.4335747025951171,0.01711004724112919,0.4335747025951171
2007,Massachusetts,0.017247018036591122,0.554802353136479,0.017247018036591122,0.554802353136479
2008,Massachusetts,0.027425921205338044,0.6256263070958734,0.027425921205338044,0.6256263070958734
2009,Massachusetts,0.0550893365078402,0.722999237678809,0.0550893365078402,0.722999237678809
2010,Massachusetts,0.057484148405454016,0.42743380461225344,0.057484148405454016,0.42743380461225344
2011,Massachusetts,0.054096422364313224,0.4665262211145882,0.054096422364313224,0.4665262211145882
2012,Massachusetts,0.04605465379462248,0.43558265307350963,0.04605465379462248,0.43558265307350963
2013,Massachusetts,0.06551018642962148,0.4340758461938241,0.06551018642962148,0.4340758461938241
2014,Massachusetts,0.09761689438167531,0.44993318619218514,0.09761689438167531,0.44993318619218514
2015,Massachusetts,0.12949499323482416,0.5598695832908043,0.12949499323482416,0.5598695832908043
2016,Massachusetts,0.15385780087828493,0.5811037147357245,0.15385780087828493,0.5811037147357245
2017,Massachusetts,0.16799683166681767,0.6537829807722602,0.16799683166681767,0.6537829807722602
2018,Massachusetts,0.19499751078662486,0.7114941565517583,0.19499751078662486,0.7114941565517583
2019,Massachusetts,0.2189041937006886,0.7730278391951431,0.2189041937006886,0.7730278391951431
2020,Massachusetts,0.2406317466508816,0.851738553526332,0.2406317466508816,0.851738553526332
2003,Michigan,-0.023607727181719107,0.03952678604568716,-0.023607727181719107,0.03952678604568716
2004,Michigan,-0.038849243542536493,0.07676521572063044,-0.038849243542536493,0.07676521572063044
2005,Michigan,-0.06222286367472285,0.12693381499101974,-0.06222286367472285,0.12693381499101974
2006,Michigan,-0.09782497745452623,0.1653767349737445,-0.09782497745452623,0.1653767349737445
2007,Michigan,-0.1002811981797882,0.18822821675664891,-0.1002811981797882,0.18822821675664891
2008,Michigan,-0.1258729885577523,0.13774279068914974,-0.1258729885577523,0.13774279068914974
2009,Michigan,-0.07374736623698075,0.21189742109611687,-0.07374736623698075,0.21189742109611687
2010,Michigan,-0.07927288654099374,0.23098794933785105,-0.07927288654099374,0.23098794933785105
2011,Michigan,-0.11684560837272495,0.2637681815242472,-0.11684560837272495,0.2637681815242472
2012,Michigan,-0.15095608060251453,0.2601068099219006,-0.15095608060251453,0.2601068099219006
2013,Michigan,-0.1664708790573366,0.26408450083041,-0.1664708790573366,0.26408450083041
2014,Michigan,-0.1828005536259183,0.29382010394917546,-0.1828005536259183,0.29382010394917546
2015,Michigan,-0.18562823544016505,0.39717905470332027,-0.18562823544016505,0.39717905470332027
2016,Michigan,-0.1928034094210247,0.455160935143474,-0.1928034094210247,0.455160935143474
2017,Michigan,-0.19664779890626627,0.45837123477434094,-0.19664779890626627,0.45837123477434094
2018,Michigan,-0.1979775413273478,0.5097139951583367,-0.1979775413273478,0.5097139951583367
2019,Michigan,-0.18476457981405936,0.5022081567682111,-0.18476457981405936,0.5022081567682111
2020,Michigan,-0.1680323039668027,0.5441504583316774,-0.1680323039668027,0.5441504583316774
2003,Minnesota,0.014017056487041213,0.06054724979409065,0.014017056487041213,0.06054724979409065
2004,Minnesota,0.019376740656316116,0.09800662654653469,0.019376740656316116,0.09800662654653469
2005,Minnesota,0.02188378661585344,0.14338625174345188,0.02188378661585344,0.14338625174345188
2006,Minnesota,0.01594792177811577,0.1572450879310774,0.01594792177811577,0.1572450879310774
2007,Minnesota,0.028900845822277477,0.18408544306906083,0.028900845822277477,0.18408544306906083
2008,Minnesota,0.034945511806654395,0.24887634235733458,0.034945511806654395,0.24887634235733458
2009,Minnesota,0.05637139840792771,0.6931300024942393,0.05637139840792771,0.6931300024942393
2010,Minnesota,0.05680408056878572,0.4075740925239526,0.05680408056878572,0.4075740925239526
2011,Minnesota,0.04961834041458468,0.300978924226305,0.04961834041458468,0.300978924226305
2012,Minnesota,0.02543010560767245,0.29435066093521134,0.02543010560767245,0.29435066093521134
2013,Minnesota,0.033915635196077654,0.3208747485994847,0.033915635196077654,0.3208747485994847
2014,Minnesota,0.04520723828635331,0.3584716014609646,0.04520723828635331,0.3584716014609646
2015,Minnesota,0.08144746667507885,0.42679064646348697,0.08144746667507885,0.42679064646348697
2016,Minnesota,0.10517296365253515,0.5291173945695498,0.10517296365253515,0.5291173945695498
2017,Minnesota,0.12055843272330735,0.4782694671977663,0.12055843272330735,0.4782694671977663
2018,Minnesota,0.12421188197932298,0.4913072965946139,0.12421188197932298,0.4913072965946139
2019,Minnesota,0.13259310679989955,0.5184701779836027,0.13259310679989955,0.5184701779836027
2020,Minnesota,0.1418548896586873,0.552175380534994,0.1418548896586873,0.552175380534994
2003,Mississippi,0.036593460426223245,0.047971663078570925,0.036593460426223245,0.047971663078570925
2004,Mississippi,0.09204572366508956,0.11099626898820358,0.09204572366508956,0.11099626898820358
2005,Mississippi,0.12406960561207447,0.19565301415028014,0.12406960561207447,0.19565301415028014
2006,Mississippi,0.15015011289488456,0.27503040401398926,0.15015011289488456,0.27503040401398926
2007,Mississippi,0.1511208136523956,0.3450487603411896,0.1511208136523956,0.3450487603411896
2008,Mississippi,0.17230470263641484,0.39493596310908075,0.17230470263641484,0.39493596310908075
2009,Mississippi,0.18389200094923597,0.40501484486053285,0.18389200094923597,0.40501484486053285
2010,Mississippi,0.18842646948083153,0.39860305825035436,0.18842646948083153,0.39860305825035436
2011,Mississippi,0.1142256718369179,0.3136764141449797,0.1142256718369179,0.3136764141449797
2012,Mississippi,0.1209197690758923,0.30254501487657803,0.1209197690758923,0.30254501487657803
2013,Mississippi,0.079161752031909,0.34784380700490636,0.079161752031909,0.34784380700490636
2014,Mississippi,0.0616750336487053,0.38210122525485457,0.0616750336487053,0.38210122525485457
2015,Mississippi,0.09528599124461423,0.41041830304118965,0.09528599124461423,0.41041830304118965
2016,Mississippi,0.12550593300078217,0.441390965244556,0.12550593300078217,0.441390965244556
2017,Mississippi,0.1139440587400482,0.42722090299601545,0.1139440587400482,0.42722090299601545
2018,Mississippi,0.10462328415811117,0.4072284882279724,0.10462328415811117,0.4072284882279724
2019,Mississippi,0.11794521066306385,0.42686431968679606,0.11794521066306385,0.42686431968679606
2020,Mississippi,0.15460492681830118,0.5360452547378984,0.15460492681830118,0.5360452547378984
2003,Missouri,0.006706452353145265,0.053735738892470186,0.006706452353145265,0.053735738892470186
2004,Missouri,-0.011695832788828242,0.06671917636149494,-0.011695832788828242,0.06671917636149494
2005,Missouri,-0.001391589962669637,0.12394834610058059,-0.001391589962669637,0.12394834610058059
2006,Missouri,-8.743761623578594e-4,0.1541089652536347,-8.743761623578594e-4,0.1541089652536347
2007,Missouri,0.01822156060833624,0.18147533949635575,0.01822156060833624,0.18147533949635575
2008,Missouri,0.051500565288775224,0.29163953659855557,0.051500565288775224,0.29163953659855557
2009,Missouri,0.07414696813398991,0.3649202563324465,0.07414696813398991,0.3649202563324465
2010,Missouri,0.07336896834717077,0.40289212485841186,0.07336896834717077,0.40289212485841186
2011,Missouri,0.021488635059144112,0.3775708091377843,0.021488635059144112,0.3775708091377843
2012,Missouri,-0.009220031696007602,0.3426891236288756,-0.009220031696007602,0.3426891236288756
2013,Missouri,-0.012190406877217619,0.35519224957921014,-0.012190406877217619,0.35519224957921014
2014,Missouri,-0.0026968242262638276,0.38363727662898284,-0.0026968242262638276,0.38363727662898284
2015,Missouri,0.01216692343854775,0.4249831058563409,0.01216692343854775,0.4249831058563409
2016,Missouri,0.023724487623052903,0.4569224988660645,0.023724487623052903,0.4569224988660645
2017,Missouri,0.03202143696885784,0.4766890100263448,0.03202143696885784,0.4766890100263448
2018,Missouri,0.02752778266926592,0.4886159845993059,0.02752778266926592,0.4886159845993059
2019,Missouri,0.022057639014036345,0.5109904965518159,0.022057639014036345,0.5109904965518159
2020,Missouri,0.03636460737186287,0.5387987903738833,0.03636460737186287,0.5387987903738833
2003,Montana,0.028196398530534683,0.06203709056535711,0.028196398530534683,0.06203709056535711
2004,Montana,0.045518878546854324,0.08160588097997912,0.045518878546854324,0.08160588097997912
2005,Montana,0.05639663604914458,0.10802455948155032,0.05639663604914458,0.10802455948155032
2006,Montana,0.06996178850166013,0.14103008631725844,0.06996178850166013,0.14103008631725844
2007,Montana,0.09923703390262006,0.18732391365534196,0.09923703390262006,0.18732391365534196
2008,Montana,0.12881848351327174,0.20521098957877348,0.12881848351327174,0.20521098957877348
2009,Montana,0.15433008763672862,0.23965651746379923,0.15433008763672862,0.23965651746379923
2010,Montana,0.1903962232320886,0.30645461503152305,0.1903962232320886,0.30645461503152305
2011,Montana,0.18393424984620843,0.31912230963919797,0.18393424984620843,0.31912230963919797
2012,Montana,0.13351750058635914,0.254473028050868,0.13351750058635914,0.254473028050868
2013,Montana,0.12949372780869894,0.2670850045154285,0.12949372780869894,0.2670850045154285
2014,Montana,0.1233552728109033,0.3038126997702457,0.1233552728109033,0.3038126997702457
2015,Montana,0.14320845046126207,0.2922755519705882,0.14320845046126207,0.2922755519705882
2016,Montana,0.16641771185993548,0.3227847212721382,0.16641771185993548,0.3227847212721382
2017,Montana,0.15912503370049547,0.33560223180952065,0.15912503370049547,0.33560223180952065
2018,Montana,0.16064137640588272,0.32896257222369996,0.16064137640588272,0.32896257222369996
2019,Montana,0.1636751590012382,0.34294525010707466,0.1636751590012382,0.34294525010707466
2020,Montana,0.1723958589610035,0.34279446124915824,0.1723958589610035,0.34279446124915824
2003,Nebraska,0.014510773421470224,0.06846508694940989,0.014510773421470224,0.06846508694940989
2004,Nebraska,0.0199294176897431,0.0921723538210435,0.0199294176897431,0.0921723538210435
2005,Nebraska,0.0019838666767426627,0.12443134413624146,0.0019838666767426627,0.12443134413624146
2006,Nebraska,0.0074208111634306295,0.18543603950835608,0.0074208111634306295,0.18543603950835608
2007,Nebraska,0.04060901565949693,0.15397334569681753,0.04060901565949693,0.15397334569681753
2008,Nebraska,0.042614551055132566,0.21736201843682235,0.042614551055132566,0.21736201843682235
2009,Nebraska,0.07716104468114793,0.24899260118456423,0.07716104468114793,0.24899260118456423
2010,Nebraska,0.13537420058713323,0.35309053621598063,0.13537420058713323,0.35309053621598063
2011,Nebraska,0.07322918154382951,0.3277049861720711,0.07322918154382951,0.3277049861720711
2012,Nebraska,0.13184996905699364,0.3398857258140384,0.13184996905699364,0.3398857258140384
2013,Nebraska,0.12854930626853078,0.40902338623914214,0.12854930626853078,0.40902338623914214
2014,Nebraska,0.12247784678680307,0.40227988442116147,0.12247784678680307,0.40227988442116147
2015,Nebraska,0.1329288471655563,0.42576427790673543,0.1329288471655563,0.42576427790673543
2016,Nebraska,0.15275043561456547,0.4771949043307291,0.15275043561456547,0.4771949043307291
2017,Nebraska,0.15684030907203095,0.5194640674720716,0.15684030907203095,0.5194640674720716
2018,Nebraska,0.1454922353883552,0.5460814654122974,0.1454922353883552,0.5460814654122974
2019,Nebraska,0.14119613951182064,0.5504662484923675,0.14119613951182064,0.5504662484923675
2020,Nebraska,0.140974270451504,0.5701520134236346,0.140974270451504,0.5701520134236346
2003,Nevada,-0.030636794435023984,0.026655374362043682,-0.030636794435023984,0.026655374362043682
2004,Nevada,-0.03569221243026721,0.10097586441960682,-0.03569221243026721,0.10097586441960682
2005,Nevada,-0.03374879608835435,0.16054077380024756,-0.03374879608835435,0.16054077380024756
2006,Nevada,-0.01216121898020106,0.16590576564096216,-0.01216121898020106,0.16590576564096216
2007,Nevada,0.05730763909808223,0.24913496736364427,0.05730763909808223,0.24913496736364427
2008,Nevada,0.07770509346255006,0.343043815142255,0.07770509346255006,0.343043815142255
2009,Nevada,0.08313940921553109,0.41580440331083324,0.08313940921553109,0.41580440331083324
2010,Nevada,0.09093726099221255,0.395238944898741,0.09093726099221255,0.395238944898741
2011,Nevada,0.05932444566842521,0.39435620851439945,0.05932444566842521,0.39435620851439945
2012,Nevada,-0.011936570203549324,0.37340084805018026,-0.011936570203549324,0.37340084805018026
2013,Nevada,-0.02665723868350034,0.3475333884246983,-0.02665723868350034,0.3475333884246983
2014,Nevada,-0.031639522163563916,0.36142522040003455,-0.031639522163563916,0.36142522040003455
2015,Nevada,-0.01553799485224494,0.36736179304866146,-0.01553799485224494,0.36736179304866146
2016,Nevada,0.0122008390715862,0.4703839677171062,0.0122008390715862,0.4703839677171062
2017,Nevada,0.03321396525412834,0.4968337375528753,0.03321396525412834,0.4968337375528753
2018,Nevada,0.006065432429425366,0.46589322826993484,0.006065432429425366,0.46589322826993484
2019,Nevada,-0.011698454823585669,0.4433705059253268,-0.011698454823585669,0.4433705059253268
2020,Nevada,0.013093283193235772,0.5326227016823675,0.013093283193235772,0.5326227016823675
2003,New Hampshire,0.04477107144571546,0.09335902166340215,0.04477107144571546,0.09335902166340215
2004,New Hampshire,0.0776892276197163,0.21448433105256037,0.0776892276197163,0.21448433105256037
2005,New Hampshire,0.10530124046575895,0.3023204137590374,0.10530124046575895,0.3023204137590374
2006,New Hampshire,0.11703017603064403,0.3947225849799467,0.11703017603064403,0.3947225849799467
2007,New Hampshire,0.1488941609867136,0.4914686889610129,0.1488941609867136,0.4914686889610129
2008,New Hampshire,0.17961524012785834,0.6355897950775251,0.17961524012785834,0.6355897950775251
2009,New Hampshire,0.19390800076809667,0.6529882945308945,0.19390800076809667,0.6529882945308945
2010,New Hampshire,0.21730463743749695,0.7727620769124253,0.21730463743749695,0.7727620769124253
2011,New Hampshire,0.2625188266754359,0.9187978038488782,0.2625188266754359,0.9187978038488782
2012,New Hampshire,0.21072394992610577,0.9151432129151751,0.21072394992610577,0.9151432129151751
2013,New Hampshire,0.2202501531595762,0.9143769373539055,0.2202501531595762,0.9143769373539055
2014,New Hampshire,0.2315468593078287,1.040562009552176,0.2315468593078287,1.040562009552176
2015,New Hampshire,0.25517844958347724,1.0437453758817923,0.25517844958347724,1.0437453758817923
2016,New Hampshire,0.2865048269640351,1.186956615281236,0.2865048269640351,1.186956615281236
2017,New Hampshire,0.2893323236468064,1.2052012321230081,0.2893323236468064,1.2052012321230081
2018,New Hampshire,0.343254166204648,1.3637546217920957,0.343254166204648,1.3637546217920957
2019,New Hampshire,0.3514859673919155,1.3810084322177616,0.3514859673919155,1.3810084322177616
2020,New Hampshire,0.3729670165189829,1.417659509690735,0.3729670165189829,1.417659509690735
2003,New Jersey,0.009057539662852943,0.19232119586485763,0.009057539662852943,0.19232119586485763
2004,New Jersey,0.02826111761448513,0.3296017678223977,0.02826111761448513,0.3296017678223977
2005,New Jersey,0.050844246087260236,0.40872389894983563,0.050844246087260236,0.40872389894983563
2006,New Jersey,0.05984705446692873,0.5037012002241781,0.05984705446692873,0.5037012002241781
2007,New Jersey,0.07396995050810218,0.7638789126242558,0.07396995050810218,0.7638789126242558
2008,New Jersey,0.08326081056297885,0.7908404831311353,0.08326081056297885,0.7908404831311353
2009,New Jersey,0.10851218635004112,0.5974483159985235,0.10851218635004112,0.5974483159985235
2010,New Jersey,0.13575988455275811,0.6988803737836242,0.13575988455275811,0.6988803737836242
2011,New Jersey,0.04352038894278554,0.6548083747848119,0.04352038894278554,0.6548083747848119
2012,New Jersey,0.07919682326173039,0.7832463656141353,0.07919682326173039,0.7832463656141353
2013,New Jersey,0.07099924992790219,1.121160872362772,0.07099924992790219,1.121160872362772
2014,New Jersey,0.07172318933204136,0.8148608186358279,0.07172318933204136,0.8148608186358279
2015,New Jersey,0.07206443111276006,0.8853195840637516,0.07206443111276006,0.8853195840637516
2016,New Jersey,0.05840610496992715,0.9807390961694238,0.05840610496992715,0.9807390961694238
2017,New Jersey,0.057473009136727704,1.0719251305659174,0.057473009136727704,1.0719251305659174
2018,New Jersey,0.036980917288344406,1.1542235954262638,0.036980917288344406,1.1542235954262638
2019,New Jersey,0.045681198016692015,1.2906553438719257,0.045681198016692015,1.2906553438719257
2020,New Jersey,0.04471460906635438,1.3266880817331197,0.04471460906635438,1.3266880817331197
2003,New Mexico,0.01994505208603181,0.052187833051787536,0.01994505208603181,0.052187833051787536
2004,New Mexico,0.03067349996544899,0.12208500377334985,0.03067349996544899,0.12208500377334985
2005,New Mexico,0.03343562580470705,0.14066605871093185,0.03343562580470705,0.14066605871093185
2006,New Mexico,0.061046487683122264,0.20046397590184117,0.061046487683122264,0.20046397590184117
2007,New Mexico,0.07758657986718642,0.22813799291590486,0.07758657986718642,0.22813799291590486
2008,New Mexico,0.08848673548169694,0.2883113050954569,0.08848673548169694,0.2883113050954569
2009,New Mexico,0.11529513133762315,0.37042847615208396,0.11529513133762315,0.37042847615208396
2010,New Mexico,0.09665172526884902,0.34895163211670144,0.09665172526884902,0.34895163211670144
2011,New Mexico,0.03782584423151558,0.2726360749563883,0.03782584423151558,0.2726360749563883
2012,New Mexico,-0.004377040194613269,0.1802104544433536,-0.004377040194613269,0.1802104544433536
2013,New Mexico,-0.02558617941096908,0.2232377217384478,-0.02558617941096908,0.2232377217384478
2014,New Mexico,0.09274886530278881,0.32098736460766575,0.09274886530278881,0.32098736460766575
2015,New Mexico,-0.0035239526842690827,0.36325102878459004,-0.0035239526842690827,0.36325102878459004
2016,New Mexico,0.010996878213653805,0.3827283996725064,0.010996878213653805,0.3827283996725064
2017,New Mexico,-0.011061070908788606,0.3806615969275391,-0.011061070908788606,0.3806615969275391
2018,New Mexico,-0.043340987625900995,0.33708087199258663,-0.043340987625900995,0.33708087199258663
2019,New Mexico,-0.010292477483801687,0.35969766809588544,-0.010292477483801687,0.35969766809588544
2020,New Mexico,0.08241459736459644,0.4688864398747581,0.08241459736459644,0.4688864398747581
2003,New York,0.01105554225415295,0.09192151199648513,0.01105554225415295,0.09192151199648513
2004,New York,0.01863398813720374,0.24088632646611585,0.01863398813720374,0.24088632646611585
2005,New York,0.05458760987530331,0.437219577683585,0.05458760987530331,0.437219577683585
2006,New York,0.060899299864181966,0.506842065944547,0.060899299864181966,0.506842065944547
2007,New York,0.09736155203271335,0.6373819899221111,0.09736155203271335,0.6373819899221111
2008,New York,0.12373066168337532,0.7224599558148035,0.12373066168337532,0.7224599558148035
2009,New York,0.17057834281998452,0.8187582026301428,0.17057834281998452,0.8187582026301428
2010,New York,0.17977608226195163,0.8876201138764259,0.17977608226195163,0.8876201138764259
2011,New York,0.1479146301540677,0.9968536924365063,0.1479146301540677,0.9968536924365063
2012,New York,0.1322906922234166,1.0851132291075163,0.1322906922234166,1.0851132291075163
2013,New York,0.12034548795367384,1.1471545715521807,0.12034548795367384,1.1471545715521807
2014,New York,0.143305558389772,1.2354644228663254,0.143305558389772,1.2354644228663254
2015,New York,0.14340986759905738,1.3221195979661449,0.14340986759905738,1.3221195979661449
2016,New York,0.2120940312223185,1.382454951780801,0.2120940312223185,1.382454951780801
2017,New York,0.21823367182294695,1.3957413684173678,0.21823367182294695,1.3957413684173678
2018,New York,0.2056451739417935,1.4152960760960775,0.2056451739417935,1.4152960760960775
2019,New York,0.23844034540604708,1.4565948243837363,0.23844034540604708,1.4565948243837363
2020,New York,0.25585371041177773,1.413556207545152,0.25585371041177773,1.413556207545152
2003,North Carolina,-0.012229441954988651,-0.082153401359921,-0.012229441954988651,-0.082153401359921
2004,North Carolina,-0.03768229315145044,-0.04042811144874148,-0.03768229315145044,-0.04042811144874148
2005,North Carolina,-0.015209814042112635,0.08998046494130563,-0.015209814042112635,0.08998046494130563
2006,North Carolina,-0.03620764117328201,0.15150116254350032,-0.03620764117328201,0.15150116254350032
2007,North Carolina,0.005897124141794441,0.20156577595631986,0.005897124141794441,0.20156577595631986
2008,North Carolina,-0.00590842292843996,0.23934920454495123,-0.00590842292843996,0.23934920454495123
2009,North Carolina,0.03805577810452343,0.3108475710917704,0.03805577810452343,0.3108475710917704
2010,North Carolina,-0.008068674801702036,0.33484388673170185,-0.008068674801702036,0.33484388673170185
2011,North Carolina,-0.05489152138680453,0.3980697270828979,-0.05489152138680453,0.3980697270828979
2012,North Carolina,-0.11535786680670168,0.4205090432704863,-0.11535786680670168,0.4205090432704863
2013,North Carolina,-0.11822774250666412,0.4750397888662363,-0.11822774250666412,0.4750397888662363
2014,North Carolina,-0.12714426458976513,0.5200131941944146,-0.12714426458976513,0.5200131941944146
2015,North Carolina,-0.1052706040162319,0.5293921106664077,-0.1052706040162319,0.5293921106664077
2016,North Carolina,-0.09403916391554867,0.5340001939778647,-0.09403916391554867,0.5340001939778647
2017,North Carolina,-0.09006101192719751,0.5960544545635738,-0.09006101192719751,0.5960544545635738
2018,North Carolina,-0.08319696762863515,0.6440226935833935,-0.08319696762863515,0.6440226935833935
2019,North Carolina,-0.06369922915491633,0.7497320090618975,-0.06369922915491633,0.7497320090618975
2020,North Carolina,-0.07040774838379771,0.7915282145572997,-0.07040774838379771,0.7915282145572997
2003,North Dakota,0.03424716388640214,0.04577379806944193,0.03424716388640214,0.04577379806944193
2004,North Dakota,0.0997838535241602,0.09811270418028717,0.0997838535241602,0.09811270418028717
2005,North Dakota,0.12103368649287072,0.14007201060008345,0.12103368649287072,0.14007201060008345
2006,North Dakota,0.13911661218485305,0.16516443995869778,0.13911661218485305,0.16516443995869778
2007,North Dakota,0.15775088154914463,0.19485815239265714,0.15775088154914463,0.19485815239265714
2008,North Dakota,0.19061370370237074,0.24344752738148645,0.19061370370237074,0.24344752738148645
2009,North Dakota,0.23156621210179096,0.3276320301914595,0.23156621210179096,0.3276320301914595
2010,North Dakota,0.29052378830274916,0.4275210371654947,0.29052378830274916,0.4275210371654947
2011,North Dakota,0.32062508771878706,0.4895041685259873,0.32062508771878706,0.4895041685259873
2012,North Dakota,0.32015163933170254,0.5259653656707273,0.32015163933170254,0.5259653656707273
2013,North Dakota,0.3117889135048979,0.6232710260053864,0.3117889135048979,0.6232710260053864
2014,North Dakota,0.3303062887923669,0.6532284388382414,0.3303062887923669,0.6532284388382414
2015,North Dakota,0.37130108916082727,0.8447703036238197,0.37130108916082727,0.8447703036238197
2016,North Dakota,0.4250737564921292,0.9498262300513018,0.4250737564921292,0.9498262300513018
2017,North Dakota,0.4487171671831134,0.9816678470910201,0.4487171671831134,0.9816678470910201
2018,North Dakota,0.40964397966482213,0.9499915078719234,0.40964397966482213,0.9499915078719234
2019,North Dakota,0.40633277292856085,0.9381813035189093,0.40633277292856085,0.9381813035189093
2020,North Dakota,0.40937875469319374,1.0171078854929685,0.40937875469319374,1.0171078854929685
2003,Ohio,0.024520159880208947,0.0656235306953925,0.024520159880208947,0.0656235306953925
2004,Ohio,0.04057865697715113,0.13901593968976234,0.04057865697715113,0.13901593968976234
2005,Ohio,0.03536173266439091,0.17232575232274883,0.03536173266439091,0.17232575232274883
2006,Ohio,0.02694062609818726,0.18354690164557663,0.02694062609818726,0.18354690164557663
2007,Ohio,0.019252917335597308,0.20369969257009357,0.019252917335597308,0.20369969257009357
2008,Ohio,0.01677185461767028,0.20499017418475196,0.01677185461767028,0.20499017418475196
2009,Ohio,0.034922858078897834,0.23049344507234815,0.034922858078897834,0.23049344507234815
2010,Ohio,0.07661359224472819,0.31606704437379696,0.07661359224472819,0.31606704437379696
2011,Ohio,0.06912251272279502,0.3481796041428873,0.06912251272279502,0.3481796041428873
2012,Ohio,0.0313528055211012,0.3070561934383902,0.0313528055211012,0.3070561934383902
2013,Ohio,-6.249531102099359e-4,0.27768015906162424,-6.249531102099359e-4,0.27768015906162424
2014,Ohio,-0.014006233826336145,0.2716993533587364,-0.014006233826336145,0.2716993533587364
2015,Ohio,-0.0013572681937388253,0.2918688993005738,-0.0013572681937388253,0.2918688993005738
2016,Ohio,0.0054473666052583525,0.3142189060456311,0.0054473666052583525,0.3142189060456311
2017,Ohio,0.030474374093813594,0.331521112440317,0.030474374093813594,0.331521112440317
2018,Ohio,0.03815022537228718,0.35763277125529247,0.03815022537228718,0.35763277125529247
2019,Ohio,0.05640558886990532,0.38532919292041345,0.05640558886990532,0.38532919292041345
2020,Ohio,0.07298510700910765,0.4165621184818298,0.07298510700910765,0.4165621184818298
2003,Oklahoma,-0.05370702763767754,0.057699402395707367,-0.05370702763767754,0.057699402395707367
2004,Oklahoma,-0.08728279686533857,0.03998594829499069,-0.08728279686533857,0.03998594829499069
2005,Oklahoma,-0.06442887205167958,0.11493824806778652,-0.06442887205167958,0.11493824806778652
2006,Oklahoma,-0.05388709050039331,0.13339134985634438,-0.05388709050039331,0.13339134985634438
2007,Oklahoma,-0.0037657202406029544,0.2128524681557995,-0.0037657202406029544,0.2128524681557995
2008,Oklahoma,-0.011538817125916312,0.2465777815939334,-0.011538817125916312,0.2465777815939334
2009,Oklahoma,-0.012688069050704853,0.30004005987560056,-0.012688069050704853,0.30004005987560056
2010,Oklahoma,-0.014701757608193144,0.3141995794495511,-0.014701757608193144,0.3141995794495511
2011,Oklahoma,-0.078351242612547,0.30700502436710364,-0.078351242612547,0.30700502436710364
2012,Oklahoma,-0.10053837821438816,0.2898691524279853,-0.10053837821438816,0.2898691524279853
2013,Oklahoma,-0.10780326464587253,0.29508506360487696,-0.10780326464587253,0.29508506360487696
2014,Oklahoma,-0.11003249260604131,0.31943787797417955,-0.11003249260604131,0.31943787797417955
2015,Oklahoma,-0.11575915459049002,0.3259764612686078,-0.11575915459049002,0.3259764612686078
2016,Oklahoma,-0.1195269113927091,0.34152368369227837,-0.1195269113927091,0.34152368369227837
2017,Oklahoma,-0.15651667290786397,0.31487409000925193,-0.15651667290786397,0.31487409000925193
2018,Oklahoma,-0.1575977456948937,0.3332696995075821,-0.1575977456948937,0.3332696995075821
2019,Oklahoma,-0.04965650660737142,0.44772070266099706,-0.04965650660737142,0.44772070266099706
2020,Oklahoma,-0.01674657363360621,0.4927697250995713,-0.01674657363360621,0.4927697250995713
2003,Oregon,-0.056795664736428386,-0.02289287393557493,-0.056795664736428386,-0.02289287393557493
2004,Oregon,-0.07557241680654714,-0.03371482597374742,-0.07557241680654714,-0.03371482597374742
2005,Oregon,-0.06546101962666129,-0.006972474404722151,-0.06546101962666129,-0.006972474404722151
2006,Oregon,-0.07183075584858889,0.07725388253423993,-0.07183075584858889,0.07725388253423993
2007,Oregon,-0.05037493657823755,0.10517249130096729,-0.05037493657823755,0.10517249130096729
2008,Oregon,-0.03042193926727721,0.14957308571566363,-0.03042193926727721,0.14957308571566363
2009,Oregon,-0.010344318470977831,0.204993193897977,-0.010344318470977831,0.204993193897977
2010,Oregon,-0.02655483265740033,0.1508227703393792,-0.02655483265740033,0.1508227703393792
2011,Oregon,-0.04861854258106779,0.1551500714482379,-0.04861854258106779,0.1551500714482379
2012,Oregon,-0.12826973839929,0.19985146864914283,-0.12826973839929,0.19985146864914283
2013,Oregon,-0.13957667478603886,0.18701681510494228,-0.13957667478603886,0.18701681510494228
2014,Oregon,-0.13086025610311103,0.25107949490526194,-0.13086025610311103,0.25107949490526194
2015,Oregon,-0.09091218389777256,0.28530551761539646,-0.09091218389777256,0.28530551761539646
2016,Oregon,-0.0429663864664207,0.277335278635237,-0.0429663864664207,0.277335278635237
2017,Oregon,-0.02151241978710372,0.2988188569221817,-0.02151241978710372,0.2988188569221817
2018,Oregon,-0.007795112784081293,0.41136913158993305,-0.007795112784081293,0.41136913158993305
2019,Oregon,0.009419755452362732,0.4365652053990232,0.009419755452362732,0.4365652053990232
2020,Oregon,0.02300053664749724,0.5680971214671144,0.02300053664749724,0.5680971214671144
2003,Pennsylvania,0.013965373566435346,0.06724164685727518,0.013965373566435346,0.06724164685727518
2004,Pennsylvania,0.03165828653196279,0.2659850320066546,0.03165828653196279,0.2659850320066546
2005,Pennsylvania,0.03549534703821555,0.35785830251173456,0.03549534703821555,0.35785830251173456
2006,Pennsylvania,0.02446637243763483,0.42164793678516377,0.02446637243763483,0.42164793678516377
2007,Pennsylvania,-0.00830382127795215,0.45655677902068525,-0.00830382127795215,0.45655677902068525
2008,Pennsylvania,0.03457399246912063,0.5471885194233472,0.03457399246912063,0.5471885194233472
2009,Pennsylvania,0.081527499450466,0.4671395334989843,0.081527499450466,0.4671395334989843
2010,Pennsylvania,0.11322850095456882,0.5431102572598054,0.11322850095456882,0.5431102572598054
2011,Pennsylvania,0.12625564000105127,0.6177687567060879,0.12625564000105127,0.6177687567060879
2012,Pennsylvania,0.06715797996788231,0.7028887027240693,0.06715797996788231,0.7028887027240693
2013,Pennsylvania,0.05413049936593861,0.8611722171004175,0.05413049936593861,0.8611722171004175
2014,Pennsylvania,0.040302271362431696,0.996726493769603,0.040302271362431696,0.996726493769603
2015,Pennsylvania,0.04683372517673656,1.1970511491878169,0.04683372517673656,1.1970511491878169
2016,Pennsylvania,0.06310459042963679,1.4222588060375805,0.06310459042963679,1.4222588060375805
2017,Pennsylvania,0.06150276162709556,1.5718441987354002,0.06150276162709556,1.5718441987354002
2018,Pennsylvania,0.06508515142218485,1.6671095774332336,0.06508515142218485,1.6671095774332336
2019,Pennsylvania,0.07071185193927465,1.6947429946373087,0.07071185193927465,1.6947429946373087
2020,Pennsylvania,0.0799106054195422,1.7356377827975056,0.0799106054195422,1.7356377827975056
2003,Rhode Island,0.042327845239762185,0.12046406759363903,0.042327845239762185,0.12046406759363903
2004,Rhode Island,0.04079893131846446,0.18562633266386408,0.04079893131846446,0.18562633266386408
2005,Rhode Island,0.05513443047573929,0.2596221214434795,0.05513443047573929,0.2596221214434795
2006,Rhode Island,0.08373314298841605,0.3546649992576163,0.08373314298841605,0.3546649992576163
2007,Rhode Island,0.11068941419772327,0.48120606098167196,0.11068941419772327,0.48120606098167196
2008,Rhode Island,0.12825963631805815,0.6134580531304707,0.12825963631805815,0.6134580531304707
2009,Rhode Island,0.13463481976809355,0.5730902278128072,0.13463481976809355,0.5730902278128072
2010,Rhode Island,0.13019313360401252,0.5320889713392472,0.13019313360401252,0.5320889713392472
2011,Rhode Island,0.12707946569160145,0.4901522841035637,0.12707946569160145,0.4901522841035637
2012,Rhode Island,0.0909523408658186,0.5316293329795758,0.0909523408658186,0.5316293329795758
2013,Rhode Island,0.09098437309842633,0.5070858850108271,0.09098437309842633,0.5070858850108271
2014,Rhode Island,0.09924633872446886,0.5359238485492499,0.09924633872446886,0.5359238485492499
2015,Rhode Island,0.11063456251860071,0.6110731663658784,0.11063456251860071,0.6110731663658784
2016,Rhode Island,0.13265456448602841,0.6637053431201312,0.13265456448602841,0.6637053431201312
2017,Rhode Island,0.14614412719488734,0.6887147856116704,0.14614412719488734,0.6887147856116704
2018,Rhode Island,0.1356063539245418,0.6685223181037225,0.1356063539245418,0.6685223181037225
2019,Rhode Island,0.14633474319091566,0.7224630639569523,0.14633474319091566,0.7224630639569523
2020,Rhode Island,0.14617156492312255,0.7944128934917185,0.14617156492312255,0.7944128934917185
2003,South Carolina,-0.029947614862672833,-0.017458606090624995,-0.029947614862672833,-0.017458606090624995
2004,South Carolina,-0.04457339966061524,-0.028049300446623904,-0.04457339966061524,-0.028049300446623904
2005,South Carolina,-0.024360283372036773,-0.02364517793182741,-0.024360283372036773,-0.02364517793182741
2006,South Carolina,0.004186523043472112,0.0072354378339183345,0.004186523043472112,0.0072354378339183345
2007,South Carolina,0.02480224590355684,0.0521314345235242,0.02480224590355684,0.0521314345235242
2008,South Carolina,0.04550318210814108,0.11199056081128855,0.04550318210814108,0.11199056081128855
2009,South Carolina,0.06953634069634207,0.13767721061114924,0.06953634069634207,0.13767721061114924
2010,South Carolina,0.027713501102696103,0.11631012987267031,0.027713501102696103,0.11631012987267031
2011,South Carolina,-0.025236638056454708,0.10422153911951448,-0.025236638056454708,0.10422153911951448
2012,South Carolina,-0.05129834438088432,0.1076362136141924,-0.05129834438088432,0.1076362136141924
2013,South Carolina,-0.03370751039138309,0.1752456427774951,-0.03370751039138309,0.1752456427774951
2014,South Carolina,-0.039577181795379834,0.20459633679269884,-0.039577181795379834,0.20459633679269884
2015,South Carolina,-0.035413543788628044,0.23586158339368923,-0.035413543788628044,0.23586158339368923
2016,South Carolina,-0.023944140372450073,0.28384892592246413,-0.023944140372450073,0.28384892592246413
2017,South Carolina,-0.01833629833463246,0.30999379108352976,-0.01833629833463246,0.30999379108352976
2018,South Carolina,-0.021869637570269718,0.3886833014699298,-0.021869637570269718,0.3886833014699298
2019,South Carolina,-0.026655255546386147,0.44126790734897825,-0.026655255546386147,0.44126790734897825
2020,South Carolina,0.0036591586339376203,0.5191089863187353,0.0036591586339376203,0.5191089863187353
2003,South Dakota,-0.002585246906142702,0.05383670426522613,-0.002585246906142702,0.05383670426522613
2004,South Dakota,0.022199841715285773,0.1000389168361564,0.022199841715285773,0.1000389168361564
2005,South Dakota,0.01604803434213431,0.11411877500773304,0.01604803434213431,0.11411877500773304
2006,South Dakota,0.023655223539060355,0.13756916476179715,0.023655223539060355,0.13756916476179715
2007,South Dakota,0.037021696254673664,0.17039333262369838,0.037021696254673664,0.17039333262369838
2008,South Dakota,0.049771103938383465,0.18473342540393367,0.049771103938383465,0.18473342540393367
2009,South Dakota,0.05270960035154748,0.20716762223913543,0.05270960035154748,0.20716762223913543
2010,South Dakota,0.08273721769509534,0.2550766884506819,0.08273721769509534,0.2550766884506819
2011,South Dakota,0.06765897901489537,0.24985534594521464,0.06765897901489537,0.24985534594521464
2012,South Dakota,-0.008060884297103277,0.17906540054402442,-0.008060884297103277,0.17906540054402442
2013,South Dakota,-0.026278069489910516,0.17823457122843545,-0.026278069489910516,0.17823457122843545
2014,South Dakota,-0.006301425094231483,0.23166701571732373,-0.006301425094231483,0.23166701571732373
2015,South Dakota,0.006634897267227213,0.2260009201288593,0.006634897267227213,0.2260009201288593
2016,South Dakota,0.015347456234386048,0.25144821946483376,0.015347456234386048,0.25144821946483376
2017,South Dakota,0.08805909589279537,0.3254024613486246,0.08805909589279537,0.3254024613486246
2018,South Dakota,0.0810844883377515,0.3239204649833365,0.0810844883377515,0.3239204649833365
2019,South Dakota,0.07351840645390739,0.3021186107646592,0.07351840645390739,0.3021186107646592
2020,South Dakota,0.07591497814407266,0.3072830449522954,0.07591497814407266,0.3072830449522954
2003,Tennessee,0.002353630821098962,0.0656508864233365,0.002353630821098962,0.0656508864233365
2004,Tennessee,0.01755005206834137,0.14165851114942773,0.01755005206834137,0.14165851114942773
2005,Tennessee,0.0057049902307400036,0.2508967797590298,0.0057049902307400036,0.2508967797590298
2006,Tennessee,-0.020205641361268456,0.2213126746650187,-0.020205641361268456,0.2213126746650187
2007,Tennessee,-0.02122658170237024,0.25490532711604597,-0.02122658170237024,0.25490532711604597
2008,Tennessee,0.018267790497788594,0.3268597787283247,0.018267790497788594,0.3268597787283247
2009,Tennessee,0.030562661586644335,0.3560455731482739,0.030562661586644335,0.3560455731482739
2010,Tennessee,0.03316025484729668,0.39432424876580807,0.03316025484729668,0.39432424876580807
2011,Tennessee,0.0182353861869049,0.49823322826424077,0.0182353861869049,0.49823322826424077
2012,Tennessee,-0.015511240813146365,0.4547332597232605,-0.015511240813146365,0.4547332597232605
2013,Tennessee,-0.0042873650384432915,0.43173970185705857,-0.0042873650384432915,0.43173970185705857
2014,Tennessee,-0.016013427279796155,0.46458983917831387,-0.016013427279796155,0.46458983917831387
2015,Tennessee,-0.01755946231594585,0.47428683775632985,-0.01755946231594585,0.47428683775632985
2016,Tennessee,-0.0028332043491351433,0.4609081715883667,-0.0028332043491351433,0.4609081715883667
2017,Tennessee,0.012066923920168948,0.5004522668826432,0.012066923920168948,0.5004522668826432
2018,Tennessee,0.030009457420140384,0.535420695141398,0.030009457420140384,0.535420695141398
2019,Tennessee,0.031216364837215016,0.5661803615204564,0.031216364837215016,0.5661803615204564
2020,Tennessee,0.03566214805599954,0.5651647909702047,0.03566214805599954,0.5651647909702047
2003,Texas,0.03108977400945201,0.08099261813687075,0.03108977400945201,0.08099261813687075
2004,Texas,0.004553886671255114,0.10427489247634325,0.004553886671255114,0.10427489247634325
2005,Texas,-0.01041511445992882,0.07083065047398285,-0.01041511445992882,0.07083065047398285
2006,Texas,-0.023620611851211004,0.06283739953942491,-0.023620611851211004,0.06283739953942491
2007,Texas,-0.003906277764961441,0.09144042319691148,-0.003906277764961441,0.09144042319691148
2008,Texas,0.02636455577922714,0.13478018466812292,0.02636455577922714,0.13478018466812292
2009,Texas,0.04230407011747084,0.1537257874101765,0.04230407011747084,0.1537257874101765
2010,Texas,0.05391057733239468,0.1762159655127138,0.05391057733239468,0.1762159655127138
2011,Texas,0.02607366341966988,0.16051423041089907,0.02607366341966988,0.16051423041089907
2012,Texas,-0.06215310143424313,0.04904718750591197,-0.06215310143424313,0.04904718750591197
2013,Texas,-0.06584630302106176,0.014665714762151616,-0.06584630302106176,0.014665714762151616
2014,Texas,-0.05129381293118129,0.013966086039035819,-0.05129381293118129,0.013966086039035819
2015,Texas,-0.025714789061794585,0.10221374771120528,-0.025714789061794585,0.10221374771120528
2016,Texas,0.0040403339963970275,0.13497068531434397,0.0040403339963970275,0.13497068531434397
2017,Texas,0.0013583865408868245,0.1417347699471474,0.0013583865408868245,0.1417347699471474
2018,Texas,0.006279928601544027,0.16301845039493568,0.006279928601544027,0.16301845039493568
2019,Texas,0.0027650945409729566,0.16382731612014312,0.0027650945409729566,0.16382731612014312
2020,Texas,0.03883937603311671,0.24043479805675272,0.03883937603311671,0.24043479805675272
2003,United States,0.00932567325779532,0.06508705710201856,0.00932567325779532,0.06508705710201856
2004,United States,0.0019611389514821997,0.13332333827440057,0.0019611389514821997,0.13332333827440057
2005,United States,0.00567037409676896,0.20166392084240647,0.00567037409676896,0.20166392084240647
2006,United States,0.0047412837113776085,0.23551709856000613,0.0047412837113776085,0.23551709856000613
2007,United States,0.029158343138950826,0.30393374077676905,0.029158343138950826,0.30393374077676905
2008,United States,0.04437345835816919,0.35921198758738315,0.04437345835816919,0.35921198758738315
2009,United States,0.06302339036363169,0.4225502742624718,0.06302339036363169,0.4225502742624718
2010,United States,0.058376097702939944,0.4036873267658023,0.058376097702939944,0.4036873267658023
2011,United States,0.024757627300727947,0.4120218109452376,0.024757627300727947,0.4120218109452376
2012,United States,-0.01221938175136461,0.4010047972126467,-0.01221938175136461,0.4010047972126467
2013,United States,-0.02602544157932063,0.418396311768922,-0.02602544157932063,0.418396311768922
2014,United States,-0.021700681738071936,0.4489804530676613,-0.021700681738071936,0.4489804530676613
2015,United States,-0.00497108583852357,0.525229353510853,-0.00497108583852357,0.525229353510853
2016,United States,0.022161943210492252,0.58899965219778,0.022161943210492252,0.58899965219778
2017,United States,0.03089126766778727,0.6520788323008013,0.03089126766778727,0.6520788323008013
2018,United States,0.031800431373530946,0.6788324204177443,0.031800431373530946,0.6788324204177443
2019,United States,0.050139760291565194,0.7571631524545446,0.050139760291565194,0.7571631524545446
2020,United States,0.06784907703986254,0.7859470080431747,0.06784907703986254,0.7859470080431747
2003,Utah,-0.028000030301626677,0.012778112500119176,-0.028000030301626677,0.012778112500119176
2004,Utah,-0.03754413440196369,0.05998213744969427,-0.03754413440196369,0.05998213744969427
2005,Utah,-0.03346276788544045,0.13174459703802288,-0.03346276788544045,0.13174459703802288
2006,Utah,-0.050818289068269684,0.1377410206872327,-0.050818289068269684,0.1377410206872327
2007,Utah,-0.03513012197985921,0.183157377813282,-0.03513012197985921,0.183157377813282
2008,Utah,-0.05551480615707405,0.1545136107397287,-0.05551480615707405,0.1545136107397287
2009,Utah,0.032893242375610976,0.2536001565772672,0.032893242375610976,0.2536001565772672
2010,Utah,-0.019701653049205015,0.20796763749306368,-0.019701653049205015,0.20796763749306368
2011,Utah,-0.07581719194681302,0.2232680105100009,-0.07581719194681302,0.2232680105100009
2012,Utah,-0.10509677660512518,0.18878330758129835,-0.10509677660512518,0.18878330758129835
2013,Utah,-0.12101836838475721,0.20928288567855358,-0.12101836838475721,0.20928288567855358
2014,Utah,-0.08820874695002145,0.24776497082138516,-0.08820874695002145,0.24776497082138516
2015,Utah,-0.058196506004560944,0.3121548334553652,-0.058196506004560944,0.3121548334553652
2016,Utah,-0.036035468376358515,0.3911254810282785,-0.036035468376358515,0.3911254810282785
2017,Utah,-0.030589935406699742,0.3756872428632154,-0.030589935406699742,0.3756872428632154
2018,Utah,0.012427713321258471,0.39927690140226724,0.012427713321258471,0.39927690140226724
2019,Utah,0.045796903926728305,0.4269039693477128,0.045796903926728305,0.4269039693477128
2020,Utah,0.09267240689204659,0.4800764731588658,0.09267240689204659,0.4800764731588658
2003,Vermont,0.03826002817831964,0.08322614029557562,0.03826002817831964,0.08322614029557562
2004,Vermont,0.07263433788490437,0.21740340027286065,0.07263433788490437,0.21740340027286065
2005,Vermont,0.10737102349776628,0.26875996550595693,0.10737102349776628,0.26875996550595693
2006,Vermont,0.12292137718635932,0.3418023524174927,0.12292137718635932,0.3418023524174927
2007,Vermont,0.15196089590451178,0.48841167031700494,0.15196089590451178,0.48841167031700494
2008,Vermont,0.17673914070286756,0.5037155851704229,0.17673914070286756,0.5037155851704229
2009,Vermont,0.23337173750464846,0.556579391400299,0.23337173750464846,0.556579391400299
2010,Vermont,0.24301095778622495,0.5585958667536384,0.24301095778622495,0.5585958667536384
2011,Vermont,0.25997389234926493,0.6585971792820844,0.25997389234926493,0.6585971792820844
2012,Vermont,0.22015858922379294,0.6071235902547825,0.22015858922379294,0.6071235902547825
2013,Vermont,0.21396388100153407,0.6982914240639593,0.21396388100153407,0.6982914240639593
2014,Vermont,0.22053489785746172,0.8062428192985094,0.22053489785746172,0.8062428192985094
2015,Vermont,0.27519900138105524,0.9655727855672773,0.27519900138105524,0.9655727855672773
2016,Vermont,0.25111667592453935,0.9633131540615227,0.25111667592453935,0.9633131540615227
2017,Vermont,0.24976334377608778,1.056277722386921,0.24976334377608778,1.056277722386921
2018,Vermont,0.2771675738752919,1.0617330634569657,0.2771675738752919,1.0617330634569657
2019,Vermont,0.3069474580966418,1.1452832013471705,0.3069474580966418,1.1452832013471705
2020,Vermont,0.3473223948269464,1.2956458663235,0.3473223948269464,1.2956458663235
2003,Virginia,0.015978264207933357,0.03990905072518203,0.015978264207933357,0.03990905072518203
2004,Virginia,0.03406613195011876,0.08808856901994244,0.03406613195011876,0.08808856901994244
2005,Virginia,0.06069763142081808,0.24461250894356001,0.06069763142081808,0.24461250894356001
2006,Virginia,0.07584549346777036,0.3022287573715874,0.07584549346777036,0.3022287573715874
2007,Virginia,0.10573611339845312,0.5142946854727977,0.10573611339845312,0.5142946854727977
2008,Virginia,0.10402948747747942,0.5754408038414243,0.10402948747747942,0.5754408038414243
2009,Virginia,0.1252246266306123,0.5696623727674512,0.1252246266306123,0.5696623727674512
2010,Virginia,0.09209326473188972,0.453150588017208,0.09209326473188972,0.453150588017208
2011,Virginia,0.044303348018244204,0.3330448699358224,0.044303348018244204,0.3330448699358224
2012,Virginia,0.023203179757905756,0.408099627467688,0.023203179757905756,0.408099627467688
2013,Virginia,0.017668773362776502,0.5476391079793612,0.017668773362776502,0.5476391079793612
2014,Virginia,0.013205186543998826,0.5125816691624818,0.013205186543998826,0.5125816691624818
2015,Virginia,0.013138557500977921,0.5972630402241477,0.013138557500977921,0.5972630402241477
2016,Virginia,0.026384830679369475,0.6151816537736643,0.026384830679369475,0.6151816537736643
2017,Virginia,0.03857134469690782,0.6623988094002662,0.03857134469690782,0.6623988094002662
2018,Virginia,0.032630456672585684,0.7453418529614051,0.032630456672585684,0.7453418529614051
2019,Virginia,0.053393067993511734,0.7410415215504753,0.053393067993511734,0.7410415215504753
2020,Virginia,0.07200604694696633,0.7641635737793833,0.07200604694696633,0.7641635737793833
2003,Washington,0.02511224823499658,-0.029835288476040778,0.02511224823499658,-0.029835288476040778
2004,Washington,0.010826494388658015,-0.0025455983139804905,0.010826494388658015,-0.0025455983139804905
2005,Washington,0.005468981978796306,0.09922787780395925,0.005468981978796306,0.09922787780395925
2006,Washington,-0.012593858481768416,0.1719590485740934,-0.012593858481768416,0.1719590485740934
2007,Washington,0.011735603932543137,0.30562093185899997,0.011735603932543137,0.30562093185899997
2008,Washington,0.046832728012616176,0.3676915454621381,0.046832728012616176,0.3676915454621381
2009,Washington,0.08507340550535303,0.5275689960654204,0.08507340550535303,0.5275689960654204
2010,Washington,0.07249966067900893,0.42919498425902125,0.07249966067900893,0.42919498425902125
2011,Washington,0.056602665246363815,0.4241299627164745,0.056602665246363815,0.4241299627164745
2012,Washington,0.012655854798778954,0.44030104667641057,0.012655854798778954,0.44030104667641057
2013,Washington,0.0068470592345064585,0.42272899496410266,0.0068470592345064585,0.42272899496410266
2014,Washington,0.02298384809973597,0.5199133667668632,0.02298384809973597,0.5199133667668632
2015,Washington,0.05967926000687673,0.5768788053320779,0.05967926000687673,0.5768788053320779
2016,Washington,0.12174441636496791,0.753044404607965,0.12174441636496791,0.753044404607965
2017,Washington,0.16528386742133683,0.7858323343489371,0.16528386742133683,0.7858323343489371
2018,Washington,0.22316970744232223,0.9646198280461022,0.22316970744232223,0.9646198280461022
2019,Washington,0.3321453960133811,1.0932158682029636,0.3321453960133811,1.0932158682029636
2020,Washington,0.3510187754328373,1.1805406198987933,0.3510187754328373,1.1805406198987933
2003,West Virginia,0.029699874235223467,0.08246650285988455,0.029699874235223467,0.08246650285988455
2004,West Virginia,-0.006099029487891761,0.15749667858703842,-0.006099029487891761,0.15749667858703842
2005,West Virginia,-0.004976032423510857,0.24745534423369708,-0.004976032423510857,0.24745534423369708
2006,West Virginia,-0.005845260221165494,0.227123697209191,-0.005845260221165494,0.227123697209191
2007,West Virginia,-0.003965795198061395,0.2070305356471691,-0.003965795198061395,0.2070305356471691
2008,West Virginia,-0.00929486841625804,0.16271068388343002,-0.00929486841625804,0.16271068388343002
2009,West Virginia,0.027136182465871572,0.21439831240835594,0.027136182465871572,0.21439831240835594
2010,West Virginia,0.027669550338582427,0.5701038673879175,0.027669550338582427,0.5701038673879175
2011,West Virginia,0.05920063817787069,0.6174622784526804,0.05920063817787069,0.6174622784526804
2012,West Virginia,0.028343715627300536,0.30774627954772615,0.028343715627300536,0.30774627954772615
2013,West Virginia,0.002716029238119866,0.194891405427019,0.002716029238119866,0.194891405427019
2014,West Virginia,-0.017204761041544225,0.19354859881961461,-0.017204761041544225,0.19354859881961461
2015,West Virginia,-9.033824449801164e-4,0.17511038489511832,-9.033824449801164e-4,0.17511038489511832
2016,West Virginia,-0.0048134123574676835,0.12979668204814954,-0.0048134123574676835,0.12979668204814954
2017,West Virginia,-0.02286073005666034,0.18728047380988877,-0.02286073005666034,0.18728047380988877
2018,West Virginia,-0.05931110650967619,0.17564404035044556,-0.05931110650967619,0.17564404035044556
2019,West Virginia,-0.022729378388566812,0.18819375215703538,-0.022729378388566812,0.18819375215703538
2020,West Virginia,0.014385180201116565,0.16887194194810973,0.014385180201116565,0.16887194194810973
2003,Wisconsin,0.004938090849574195,0.09181466014903972,0.004938090849574195,0.09181466014903972
2004,Wisconsin,-0.021976798350283655,0.12226017191422,-0.021976798350283655,0.12226017191422
2005,Wisconsin,-0.006790479856359277,0.17531866126469153,-0.006790479856359277,0.17531866126469153
2006,Wisconsin,-0.03784660363957715,0.1887411861124022,-0.03784660363957715,0.1887411861124022
2007,Wisconsin,-0.043873197226412586,0.21894677854134814,-0.043873197226412586,0.21894677854134814
2008,Wisconsin,-0.04610221627366207,0.21764942090291384,-0.04610221627366207,0.21764942090291384
2009,Wisconsin,-0.02275279734121094,0.2589504146999002,-0.02275279734121094,0.2589504146999002
2010,Wisconsin,0.001948814840207369,0.30304435318868306,0.001948814840207369,0.30304435318868306
2011,Wisconsin,9.08349302821021e-4,0.33787936627591364,9.08349302821021e-4,0.33787936627591364
2012,Wisconsin,-0.057535526912968704,0.10016507241177508,-0.057535526912968704,0.10016507241177508
2013,Wisconsin,-0.06424472884982091,0.06610506124198157,-0.06424472884982091,0.06610506124198157
2014,Wisconsin,-0.07030250569194352,0.03182603441734844,-0.07030250569194352,0.03182603441734844
2015,Wisconsin,-0.0547742381906009,0.024110023961327,-0.0547742381906009,0.024110023961327
2016,Wisconsin,-0.04285846298815166,0.01819212720327079,-0.04285846298815166,0.01819212720327079
2017,Wisconsin,-0.04245725459146954,0.005056943130228753,-0.04245725459146954,0.005056943130228753
2018,Wisconsin,-0.043851301608436755,0.006460436157327276,-0.043851301608436755,0.006460436157327276
2019,Wisconsin,-0.03955032512686185,0.03753804490633761,-0.03955032512686185,0.03753804490633761
2020,Wisconsin,-0.029041205787326496,0.039111984644454756,-0.029041205787326496,0.039111984644454756
2003,Wyoming,0.026180859794112887,0.0498717573246783,0.026180859794112887,0.0498717573246783
2004,Wyoming,0.011777877194094177,0.0711452957293306,0.011777877194094177,0.0711452957293306
2005,Wyoming,0.05990801498056153,0.15300960639383065,0.05990801498056153,0.15300960639383065
2006,Wyoming,0.10531619403475734,0.2548520691524374,0.10531619403475734,0.2548520691524374
2007,Wyoming,0.3012944556818742,0.4800845671280405,0.3012944556818742,0.4800845671280405
2008,Wyoming,0.3255133757649664,0.4862723689922961,0.3255133757649664,0.4862723689922961
2009,Wyoming,0.37061420314937665,0.5485961236913248,0.37061420314937665,0.5485961236913248
2010,Wyoming,0.405707414593129,0.6484674866990618,0.405707414593129,0.6484674866990618
2011,Wyoming,0.40054826558200585,0.7684090709532634,0.40054826558200585,0.7684090709532634
2012,Wyoming,0.3606993777966012,0.7666222357879484,0.3606993777966012,0.7666222357879484
2013,Wyoming,0.32289036211944344,0.7345032300460752,0.32289036211944344,0.7345032300460752
2014,Wyoming,0.30676941497095744,0.7118381268278475,0.30676941497095744,0.7118381268278475
2015,Wyoming,0.3112479786040334,0.754805157799598,0.3112479786040334,0.754805157799598
2016,Wyoming,0.32001815031298664,0.8613967950874084,0.32001815031298664,0.8613967950874084
2017,Wyoming,0.29767882906138077,0.8451140447603769,0.29767882906138077,0.8451140447603769
2018,Wyoming,0.24039371182655977,0.7602083773041877,0.24039371182655977,0.7602083773041877
2019,Wyoming,0.21505908257851858,0.7180337623096003,0.21505908257851858,0.7180337623096003
2020,Wyoming,0.20939661307814084,0.7910888916665371,0.20939661307814084,0.7910888916665371
